t_center,mean_z_emg1,mean_z_emg2,mean_z_emg3,mean_z_emg4,mean_z_emg5,mean_z_emg6,mean_z_emg7,mean_z_emg8,channel_count,frac_active,global_active
0.10200000000000001,-0.5075040806746707,-0.760507902397165,4.710762901114079,0.2946619185302476,4.637807174297866,-0.9068168637242899,1.3462717144872747,2.445293499522039,3,0.375,0
0.162,-0.27614583036508283,-0.07952060939864748,5.766422825335881,0.11415863391650277,7.087095471754153,-0.04028657920287753,2.195312596372039,3.3419292873600477,4,0.5,1
0.22200000000000003,-0.31281748614575494,-0.19608428646943998,3.3292341074939116,-0.9296674802322733,6.498883953888871,-1.1043813885931533,0.8346824339429398,1.817292397618754,3,0.375,0
0.28200000000000003,-0.13956408088639913,-0.7749253803328514,-0.12326185438423048,-0.741992931851854,4.6596184036425585,-1.8271531347486825,-0.41783577761022617,1.1393596264613646,1,0.125,0
0.34199999999999997,0.28289732243827226,-0.24367932186139352,-1.1449325600137017,-0.19025320250891775,1.4648301910281845,-1.4346434691570884,0.3182425705681702,0.6663313098869535,0,0.0,0
0.402,1.396317618385554,1.0070161286701758,0.5253840805802305,0.1177783265769284,-1.1473060952456482,0.7416017457727208,2.2594690750924245,-0.3044870906528107,1,0.125,0
0.46199999999999997,1.2683620436974372,1.1470851982640835,1.3881402486940402,0.5951740530675362,-0.9916614489394334,2.9863116868456046,2.391280470660757,-0.7275843480012693,2,0.25,0
0.522,-0.2552174617823817,0.043233566430277835,0.04242800560803186,0.10010518091177274,0.8939306865334901,2.76490470492586,0.5155656904954327,-0.3644988369706008,1,0.125,0
0.5820000000000001,-1.167492821608471,-0.6552233131165272,-0.926720827961551,-0.86783409334029,1.61238682736088,0.7788064120708701,-0.5500787767005187,-0.1243371809525934,0,0.0,0
0.6419999999999999,-0.40664508153959655,-0.6633180699029003,-0.8914598454296657,-1.4466024490775344,0.7512721170325608,-0.3993509569006297,-0.49481721541105345,0.444967045927734,0,0.0,0
0.702,-0.0015496233370247414,-0.37481219420703127,-0.47578394353708403,-1.5130279509641387,0.04735924999594312,-0.2329677997466361,-0.31601811424264964,0.9785093808339201,0,0.0,0
0.762,-0.7791413554775583,-0.49457302413207227,0.5038514895383409,-0.44749217733677504,-0.28196955264226753,-0.26771275146378853,-0.24806960087209773,0.3054166649916386,0,0.0,0
0.8220000000000001,-0.5942199416691668,-1.2932253166022603,0.7744654047704421,0.6296177233398902,-0.1800831394327487,-0.08550371882597772,-0.3156798003558738,-0.7540127392944006,0,0.0,0
0.882,-0.470572159588345,-1.5646258327603146,-0.24828588761140358,0.23435406545600282,-0.04987249384933972,0.0622764447432827,-0.28997310306624385,-1.0776845238769908,0,0.0,0
0.942,-1.4287372201871433,-1.0538346838827037,-1.191971754874339,-0.6232550825467277,0.1274879220081773,0.10978550524437221,-0.40028187829913975,-0.2522283788199516,0,0.0,0
1.002,-2.1157444252968385,-0.5871948838288943,-0.8886073803751748,-1.213416779713179,0.20600178412612177,0.042003143810618614,-0.8896113230345585,0.773367711312634,0,0.0,0
1.0619999999999998,-2.0051606514427154,-0.5903107800441384,-0.41300399374545266,-1.770310197543042,-0.0987835829024933,-0.40591718992526077,-0.7563700119302239,1.1989896274822454,0,0.0,0
1.1219999999999999,-0.9060687279417102,-0.6549330650378847,0.48661007975495973,-1.9006564254419158,-0.39701148845000417,-0.4717570876915714,-0.199973401546361,0.8794162578011403,0,0.0,0
1.182,0.042965050069289475,-0.10248498113312099,0.9173188594837232,-1.6453184910814291,-0.7871911172625033,-0.06876886196506353,-0.09685158419774083,-0.6330318912562878,0,0.0,0
1.242,0.17604943792668135,0.8205726050856065,-0.6662003096397221,-1.2356570482883542,-0.9008910724223607,0.21750810718270272,0.4570331665326623,-1.9731557652383207,0,0.0,0
1.302,0.07564995744473473,0.9260853430907948,-1.4826643692269121,-0.7165066705909665,0.006691779297942384,0.10003722043408854,0.6349790638882772,-1.2937367845988446,0,0.0,0
1.362,-0.954759988121224,0.3938922585280598,-0.7116447372599662,-0.21289148243928116,0.4681084872752221,-0.034874314600681966,-0.5648484278087741,-0.08000729322312054,0,0.0,0
1.4220000000000002,-2.1590068205762307,-0.16737243739365582,-0.4196416932526556,0.24055891214594913,-0.40754398670814035,-0.07008402686229363,-1.2315362973150947,0.07129547219592983,0,0.0,0
1.482,-1.4913961639645417,-0.7985156340278016,-0.7798507356199118,0.2312850232826135,-0.8562547636963164,-0.28443591570838683,-0.8474649997855702,-0.20026278199457,0,0.0,0
1.542,1.0294863016485807,-0.4786492446308512,-0.8087654627092276,0.0432793688252048,-0.8368976435054757,-0.3059759856739965,-0.5374033193103546,-0.43630952231225884,0,0.0,0
1.6019999999999999,2.324366762060956,0.7550147320616486,-0.5739098244160616,0.17723439534719157,-0.8637819511384958,-0.26871390368183484,0.02020136464774434,-0.10887191459295338,1,0.125,0
1.662,0.6673348341851201,1.7283227271633725,-0.21726569441132912,-0.19265328830832554,-0.6895658302605748,-1.1932394084705595,1.2075376120368215,0.43192811024204136,1,0.125,0
1.722,-1.5056679213197206,2.300987199473698,-0.21644241915764062,-0.7844731214702009,-0.6944507210122873,-2.614927196410545,1.0196096693585444,-0.02499967571320737,1,0.125,0
1.782,-1.8138748721837972,2.0178441335824635,0.09768289217235453,-0.2474869751530231,-0.4387140092158466,-2.769822161928076,0.07419486924473224,-0.5509992952079553,1,0.125,0
1.842,-0.7815204241551298,0.5797233401492995,0.8688573876365444,1.1887411743865381,0.30625538781453443,-1.7610563651145503,1.1481992976923985,-0.4997347452352594,0,0.0,0
1.9020000000000001,0.4727009639457453,-0.5952295373381641,0.518474374075307,1.6641519586799232,1.1996996522628653,-1.042559268285599,1.6931244674414183,-0.9733446083008496,0,0.0,0
1.962,0.3656416272357193,-0.10858009946582996,-0.03512831554241893,0.7436380932932947,1.6428683420213517,-0.04524103351735914,0.2118391122259633,-1.3848917053669145,0,0.0,0
2.0220000000000002,-1.0564395976832996,0.6156678864550552,-0.2533484445348082,0.2824748568961829,0.8795743371772337,0.740553947677382,-0.8431792671368648,-0.9605612203549141,0,0.0,0
2.082,-1.3215469270073814,1.2865173177555878,-0.2725691704092385,0.5804413318042425,-0.2961614232610237,-0.5338641529610869,-1.101006218642224,-0.6527309777565936,0,0.0,0
2.1420000000000003,-0.5226328007636879,1.9819876182560263,-0.029146521188997673,0.271768115506063,-0.27485376654152166,-1.935409897007193,-0.8929654834007982,-0.7425022860016118,1,0.125,0
2.202,0.3167843975778712,1.031700741284089,0.019191794446045702,-0.1339112537497557,0.5053276098820226,-1.9404985681882405,0.22076649178719499,-1.0964382575219669,0,0.0,0
2.262,0.8916382426247754,-0.7043006445815027,-0.3977243898119455,-0.6674740010963017,0.3850269855814325,-1.3794959034566185,1.208432897572979,-1.3343969184997635,0,0.0,0
2.322,-0.32258996974610343,-1.6237485722948557,-0.7855076727810774,-1.1907717700754934,-0.6518382302916489,0.20285224213279665,0.4392907295778141,-1.0607377220935252,0,0.0,0
2.3819999999999997,-2.1656758597507197,-1.4056119697300817,-1.0365501224655824,-0.9581810859644656,-1.4498583546086945,1.1598349561113144,-1.0254740682848078,-0.5647388641918594,0,0.0,0
2.442,-1.5069758124618182,-0.9029192437448538,-0.8212105287799304,-0.2648893196575293,-1.2233078351320585,0.3724826509813232,-1.159256679126379,0.04046281434464082,0,0.0,0
2.502,0.25775842633032153,-1.2746903815366086,0.12960741688763613,0.0534399714289663,-0.6611431000769324,-0.5097392258623669,-0.1287540740664524,0.11000424485981956,0,0.0,0
2.5620000000000003,0.05333953840696317,-1.665956542718826,0.3067345587594052,-0.6659209284559513,-0.4058466344146185,-0.20272840325511363,0.3203328482260152,-0.40463657894948274,0,0.0,0
2.622,-0.5558356416937127,-1.307909136120869,-0.2848886925246675,-1.4890502194166035,-0.05893893021379681,0.5709789097453699,0.13801660268036467,-0.8159049626777389,0,0.0,0
2.682,0.00023623628990914378,-1.027322848974202,-0.39342981904657304,-1.7107121400735081,-0.23419429151600965,0.3424266939790333,-0.1380163723994498,-1.4212698426467687,0,0.0,0
2.742,0.1168802936813601,-0.7911312418043898,-0.3513154344497916,-1.6242733615710752,-1.3662779819565365,-0.3241327311571827,-0.6397480084772329,-1.5569797081907504,0,0.0,0
2.802,-0.5830973437608483,-0.6228737433749508,-1.1333076986748405,-1.4305223418166741,-2.1283392555090055,-1.2047544016173022,-0.9997195615094463,-0.4808153825494281,0,0.0,0
2.862,-1.6095658769502015,-0.8420340305288775,-1.6304540226498991,-0.8962400198952638,-1.5877392863177748,-1.6371535972416529,-1.0098520625715814,0.14875762188116073,0,0.0,0
2.9219999999999997,-2.5026040072488893,-0.9582678089029936,-1.3042104504498937,-0.1294938586073692,-0.5536119578576645,-0.7464109081189579,-0.5647942513111023,-0.2674711786645258,0,0.0,0
2.982,-2.308479584909781,-0.6194482249592399,-1.2315188239825046,-0.07425258926245205,-0.15529509213319798,-0.3124835892630227,-0.24565834051337543,-0.5181894046588208,0,0.0,0
3.042,-0.6903476255920101,-0.13082245208764268,-1.173794868274199,-0.8388261609317067,-0.46079684290675105,-0.5809368784021774,0.23592630947609225,-0.4336374412032937,0,0.0,0
3.1020000000000003,0.39150069230348644,-0.19646072647631266,-1.3880384237306398,-1.3996055382605015,-1.024485617491577,-0.08524094989863513,0.30839255921389547,-0.07179197098377192,0,0.0,0
3.162,-0.05783276471687208,-0.9598804852315433,-1.7298882148915427,-1.7536533187191337,-1.1577544255447185,0.017238361939010877,-0.6014257329624372,0.6178417193052518,0,0.0,0
3.222,-0.6400252910756187,-1.7054112698992687,-0.5410744058065874,-1.67875674022398,-1.2020885441533846,-0.47235857376653606,-1.215234378563228,0.7003823269205919,0,0.0,0
3.282,-0.7748388416043192,-1.4888931406578763,1.7176760024246605,-0.6170969334380225,-1.5197185007065028,-0.9179597977802468,-1.3500215283176225,-0.09765132213902165,1,0.125,0
3.3419999999999996,-0.6638521804477976,-0.017171856521623157,3.035491651995823,0.12281127705181916,-1.479137065987618,-1.575912478607701,-1.175517253647087,-0.8198491474586808,1,0.125,0
3.402,-0.36020674084805243,1.1160175724269534,2.5705955846721333,0.10179319136776936,-1.0281539805913387,-1.0436090022761864,-1.0037833452326217,-1.1194196165023498,1,0.125,0
3.4619999999999997,0.01760545404382856,0.7902612086897768,1.0034297742078246,0.4389065684251629,-0.5360134830730376,-0.08741331227788923,-1.1923399269766364,-0.9826255862771857,0,0.0,0
3.5220000000000002,0.16585949169222428,-0.06917887904037265,-0.5602208796662554,0.8133483333106789,-0.2010996838067668,-0.27526263003510065,-0.6404463459961277,-1.2812415863969209,0,0.0,0
3.582,-0.3568799405147818,-0.2684179044737118,-0.749207980977614,1.0114156579774194,0.5823971041669608,-0.15183350898707051,1.0699566009823887,-1.6654265190632973,0,0.0,0
3.6420000000000003,-0.9670271768458698,0.8075112043411953,0.13535610608881657,0.6556770430601376,1.1249964908009682,0.2837493261885418,1.5402905677001286,-0.6170640786202403,0,0.0,0
3.702,-0.8185357478414627,1.9228908053363443,0.15630090638531205,-0.5716676455657522,0.2545340111057582,-0.4149557769135645,0.19417833599720702,1.0932737742190726,1,0.125,0
3.762,0.01696860084057017,1.4053496266602414,-0.3378172398719191,-0.8165467011122883,-0.7624953556808327,-0.6000468875113455,-0.7300320645989954,2.117563704120068,1,0.125,0
3.822,0.5615205887629275,0.7474070454924089,-0.2283635937000705,-0.09658427888356369,-0.4407560173930172,1.160935773330258,-0.49415007491257845,1.2591166158297311,0,0.0,0
3.8819999999999997,0.782539082789602,0.8732951595972916,0.3470008833765749,0.03254172028441766,0.26985606787597527,3.0667349191708486,0.2755767757963936,-0.5009485130329354,1,0.125,0
3.942,3.0453025857267,1.6559708539399027,0.7494239716459776,0.43884109709568236,0.6491670648484552,6.9675157488575685,2.3591240612205278,1.2682968246943769,3,0.375,0
4.002000000000001,9.333645370207861,3.8664790632779646,1.3102170056275535,2.1705836574729234,2.4023562668265863,16.458230165584347,7.864371152666472,7.949585385570447,7,0.875,1
4.061999999999999,14.930567964936472,5.962585566146618,2.1165613900438816,3.4856360074778965,4.656089628994694,24.760516866212157,14.216250058809644,11.201501773842118,8,1.0,1
4.122,15.479517038337718,7.578431062021038,5.791262410502129,3.781686518602941,6.718761135880446,27.10491409212699,16.896837123063246,7.890416740954479,8,1.0,1
4.182,11.955734000998243,8.704969073738921,13.86793234775355,7.0871203642418665,9.778436042651093,27.19039386756923,15.416521765940194,5.77547476006556,8,1.0,1
4.242,5.813388398798902,6.353344373063064,18.06719309539457,14.250351067242685,13.211371682536523,27.682933785369546,13.092325818593835,6.463378752553822,8,1.0,1
4.302,1.5001757562764269,1.9106397122257845,13.625111810275044,14.683348973764204,12.403626123651835,23.874715939046734,10.378471320196583,5.215697196889138,7,0.875,1
4.362,1.312742368996515,-0.4732660568342055,7.195411383849254,7.1331708920747845,6.086341038994733,12.563195797629144,5.529660787076035,1.9544635618354986,6,0.75,1
4.422000000000001,2.2242112650270776,-0.4854326838778737,3.586966589324501,2.4209297820246802,2.0396222284405705,4.7519935370739335,2.717010842318524,1.0699137188041659,6,0.75,1
4.481999999999999,2.7550364368160682,0.5508211881122076,1.8985829127048675,1.272368609087357,1.664975858354553,4.058333321922176,3.932171974349219,3.212146164804586,5,0.625,1
4.542,6.490794458356876,4.1369293047355375,2.8495566757454878,1.4536840515417884,2.5849038948851,5.330069022289262,6.368377186232235,6.90199442001028,7,0.875,1
4.602,11.939204081566544,8.126283795325456,5.192190399984768,2.039526031153305,4.430947954633225,7.820580185345361,9.445127888571681,9.763386964956375,8,1.0,1
4.662,10.399212961019943,6.627828330923452,4.8849004098596245,1.9610011803939411,5.897306989127553,13.847251052433508,15.213149145712075,9.24871755185241,8,1.0,1
4.7219999999999995,5.249266732115368,3.6992690574913603,4.458309966553839,3.1637205616199657,9.652692987982762,27.301299697693906,19.203930787570602,7.139523002538898,8,1.0,1
4.782,4.857783848050463,4.008244541568293,5.420962489526956,6.3421138697599035,15.874181877460538,44.1850004286545,17.506979495848057,5.320177585190135,8,1.0,1
4.8420000000000005,7.827321180932007,5.655863775868828,5.061508768194873,8.092589254460458,18.790580939403362,49.719293202011194,18.524622971197385,8.690771098746023,8,1.0,1
4.902,10.7229812196237,6.101666944740068,3.106934504189607,6.587371341153131,14.964117214318165,39.61542974591703,25.644808025484807,18.517778655484257,8,1.0,1
4.962,13.65784766529679,5.761170053091615,2.0569154689253906,4.8731302313592435,9.29074769487759,30.752581626946455,29.78080242919425,23.179411761813597,8,1.0,1
5.022,18.92480270838767,10.8910504382215,9.42792222288604,8.916661992953944,13.181082909585724,51.072511354912784,28.32370654320481,20.18104437196326,8,1.0,1
5.082,26.615592557852448,20.96549607567783,22.142967587177683,15.964925509649527,24.496742326425704,80.94006331520688,21.653040665048724,16.816432786824326,8,1.0,1
5.1419999999999995,27.650519259395054,20.238139427233037,18.885979649082802,12.881626847997033,23.00190862664462,69.61535187668231,13.641770423924717,13.343675555604852,8,1.0,1
5.202,18.810227882640145,9.41147025471881,6.38905068805427,5.863183659493636,14.39132718536723,52.306595862390814,18.854077190576348,8.93806414580165,8,1.0,1
5.2620000000000005,12.984502676725347,5.967799384810213,5.2042499620945035,7.576179217742236,18.145665668810196,71.27301439159099,31.732063560966598,9.986266248069533,8,1.0,1
5.322,21.32937120592362,15.212465202382866,13.022741932311881,13.79196940719194,28.679237174803905,87.32909582208981,36.55723743011735,20.99298864653687,8,1.0,1
5.382,33.49837006835856,27.864361286930137,25.874734732398945,23.46890176724001,43.24336853464564,101.87719872291366,44.107980770395024,32.78812782484127,8,1.0,1
5.442,28.600805107783668,28.101471025903738,31.40088913250575,27.628988992620393,51.650476686868025,120.94980702859704,58.63118806834691,31.03294797667141,8,1.0,1
5.502000000000001,15.540603955369313,18.89206014461351,24.336140520962513,20.908136533770335,46.83739755812537,115.93036688027723,63.73180628414887,27.53041207043358,8,1.0,1
5.561999999999999,15.59432884143567,16.99114647681042,21.46042718032929,19.962240049269855,44.0000950780763,94.93971499521753,59.58797349025199,31.429093183892757,8,1.0,1
5.622,28.128124859271868,21.66143744872269,27.311022997317664,28.048719501316977,50.7749536893409,77.58233427223335,49.612590350905144,33.80286790664197,8,1.0,1
5.682,30.95126380387367,19.424591724706648,26.88979908669359,27.906858059766332,50.31778833453697,68.35899538815634,31.60443558107018,31.34107502811467,8,1.0,1
5.742,14.4381632920388,9.053569751538001,13.952164132078117,14.321605917080875,26.57252751716686,42.3187966289263,12.876175353784303,17.239569615027747,8,1.0,1
5.802,0.48117190253895864,1.7482442754777239,2.5340221166301955,4.616971892951395,5.303717956482665,13.607368691300417,3.0899342785458734,3.4416026164533924,7,0.875,1
5.862,-1.7301378385596295,0.1920420177644034,0.4153980289669941,4.041630675297491,2.0724336640725456,6.525036028447286,1.740804540853591,0.43956399753511216,3,0.375,0
5.922000000000001,-1.4265611284828514,0.579246621353781,-0.10641613275500239,2.7760512229745977,2.876469503372373,3.17286935271375,2.221809196274941,-0.20009028055272413,4,0.5,1
5.981999999999999,-0.8887647214827575,1.2364431635083626,-1.3498982707918386,0.9068793888554226,1.7942492181923493,0.2141692080269637,1.7097319230927701,-0.13633320422951598,1,0.125,0
6.042,0.025940490447827133,1.3603593825120022,-1.117257559663529,0.5931356798456713,0.8831207794999134,2.200136187312394,0.41554630496666833,1.1238307924362791,1,0.125,0
6.102,0.3088635859028714,1.5826101252948854,-0.441801046451683,0.7468731695171225,1.971092176177178,4.599572406447833,0.12077677690921935,1.2717427223726865,2,0.25,0
6.162,0.500657602040421,0.6554136795060281,-0.8124880811465583,0.615407925534542,2.6342696953493236,2.749360340295283,1.0201191764095638,-0.14877957778252768,2,0.25,0
6.2219999999999995,0.2532444749602873,-1.0051777992571032,-0.5022915162706633,-0.45375140540656717,2.279143263083411,-0.000296424111288542,0.9726045827407687,-1.4172356988118064,1,0.125,0
6.282,-0.23715259004273795,-1.2376921845448494,0.4262951568186441,-2.014295497692876,1.1178080812685451,-0.4662748300487675,-0.3508414622152531,-1.8620356340908817,0,0.0,0
6.3420000000000005,-0.142396540257132,-0.48877606185747063,0.012432017645579533,-2.1033156241343556,1.089089751579591,0.13904167406041887,-0.8277046062280834,-1.6907479213507681,0,0.0,0
6.402,0.08937778402261165,0.7356872250882079,1.094507080187693,1.7278935143053218,4.624117213529255,1.3209094605229137,-0.28893361184709104,-0.28019955706572075,1,0.125,0
6.462,1.341359190172484,2.562499496688231,4.244134163423019,7.010831208656472,7.492926085821728,2.6278823247379846,0.5466502504005405,1.924474013859844,6,0.75,1
6.522,2.130834983249186,4.33329726265559,8.291139230147758,10.946902114661931,8.92706950446199,2.559989169809761,0.8668621212177862,2.8780640849302697,7,0.875,1
6.582,1.7605457731167944,5.819779884692793,12.943671462158123,16.22432537999995,13.471078552150539,1.8065531260352363,-0.016914788816402553,2.2482112257052598,7,0.875,1
6.6419999999999995,1.6991280930580341,5.729603006958189,12.486473498158276,15.486469784679644,12.05492164884484,0.25653514029660157,-0.590839970660432,2.2142593887061124,5,0.625,1
6.702,1.2908972196761996,3.951760169182228,8.46532278413975,8.978451474942789,4.429615144921435,-0.8717865887589044,-0.15501701769623813,1.827469814439268,5,0.625,1
6.7620000000000005,0.209555245915769,1.9688793786871297,6.963365296633732,7.52550286770795,2.2956284660033375,0.24855186052914488,-0.19904319409288154,-0.2845542255411531,4,0.5,1
6.822,-0.12705562308241933,1.3227409404811492,7.863521334625333,10.508650140017727,5.057475939371918,1.3918019438179234,-0.14183237071043134,-1.3929038506533402,3,0.375,0
6.882,-0.025284326194120754,1.3249802002897846,7.457645523006026,11.732715315802501,6.833967746954323,0.9544993667507543,0.779209808580312,-0.6409137052536782,3,0.375,0
6.942,-0.9297741801052893,0.25174399942528886,3.5802095495148762,6.708168214058722,4.178254956495965,-0.015615753142615341,0.647289078105618,0.7796186946042027,3,0.375,0
7.002000000000001,-1.309020180284202,-0.2998803148386629,0.7259841177757145,1.7426109951253823,1.5272390795667363,-0.6546310663675171,-0.4140608338347755,1.3104415064008945,0,0.0,0
7.061999999999999,-1.6249349436666272,-0.08330187515351098,0.7801999770029496,1.5641339316454006,1.5752843064099344,-1.3940141001273696,-0.08344291423407507,0.6183943160366462,0,0.0,0
7.122,-2.179959012332323,-0.007504318277197937,3.906943869564659,4.389742816360932,2.1166372397167983,-1.636999114057639,0.7176943074360508,0.8256742524031694,3,0.375,0
7.182,-1.9479510992677227,0.39240554302443326,8.794692761348973,9.583765130280161,2.3154387935906877,-0.8070499421002163,0.05832296028746733,0.8792526040565898,3,0.375,0
7.242,-2.202815031194325,0.4147302248952269,8.9886965502167,10.837164243779073,1.3947109766251333,-0.8460955692726201,-0.7630743836027881,-0.1961881543302794,2,0.25,0
7.302,-2.337950639661866,0.42250928136090793,3.8367161572153314,5.5259678477429475,0.9225636953350711,-1.6447676531574633,-0.6534573785268141,-0.4689167600490847,2,0.25,0
7.362,-1.9406950486539973,1.3364971142442676,-0.4711515188107038,1.738407267569217,2.291635054874059,-0.16594288103875196,-0.6385928454089006,0.017303306844558528,1,0.125,0
7.422000000000001,-1.195070563608098,2.0119492802506174,-1.6383231493589625,1.192931348820149,3.649838083806548,2.4506165570988325,-0.4082477937460489,0.059855839328311004,3,0.375,0
7.481999999999999,0.636646089213096,2.143799831642506,-0.8808512570623335,0.2662788942514916,4.003905659008493,2.6362839518691383,0.3836714470470766,-0.3709069763473715,3,0.375,0
7.542,2.1015928853344232,2.489551853763473,0.8619507314640596,-0.40955185177874914,2.823688725258146,2.0677439775632327,0.5686322073344968,-1.06686863932411,4,0.5,1
7.602,1.0928583792030666,2.227257769220293,3.187781919773235,1.6405931026994607,2.2906681138419045,2.4142211580393136,0.8616275384671201,-1.2829476124675763,4,0.5,1
7.662,-0.9228640513538764,2.472016638854226,9.265252655271517,9.845628172689901,4.857972509222341,4.107388119372791,2.5108460180933827,-0.062380163121005604,6,0.75,1
7.7219999999999995,-1.4056756313858505,3.8947120932604835,15.661110477788975,18.859991489533517,9.014890520323965,6.11107542063129,3.1752626930565135,0.5735817400731774,6,0.75,1
7.782,-1.0129822076725632,4.099963004650417,16.33500050078879,21.401209867597675,13.30312402055675,4.7630159539547545,1.7931775432813535,0.2271713123967649,5,0.625,1
7.8420000000000005,-1.1358106036438091,2.3447155381602576,12.18063985684192,19.038039592990316,12.576598034269644,1.6668730762575912,0.37153673189243513,0.8221217186000408,5,0.625,1
7.902,-1.2906744376720016,0.08609436143854614,5.334655885439869,12.045053169751496,6.106049439788852,0.14834248328775287,0.07161413307738464,1.8915137886184834,4,0.5,1
7.962,-0.07078202804590743,-0.72415916122901,0.5977893287273751,4.927862028746225,1.9885713852869131,-0.07053044511425899,0.3710089540047839,1.439326350909129,2,0.25,0
8.022,2.057168565000023,-0.47960403989493106,2.190841121336824,7.163636554583927,3.513301281917629,0.2350415210154726,0.3379755702360257,-0.026108101112238713,4,0.5,1
8.082,3.7042466883942002,1.415286563663355,9.557961126248786,20.723193149573458,10.33054165099542,3.1545250555908453,0.1897050521785054,0.3361353752194727,5,0.625,1
8.142,6.288504718887155,6.734786524557879,17.447152218938264,33.88055115627706,19.191705412972837,8.208930360144254,0.6996754951827802,2.5036879017384965,7,0.875,1
8.202,8.136581207634093,13.991796543059776,22.450146552939902,35.26430166025119,23.99358615734808,10.675512080708998,2.3291502672569053,4.690851709066056,8,1.0,1
8.262,8.052774074122604,18.1119423863024,28.122094080342677,31.17802050936881,23.22440191194076,8.848442142341925,4.499741871510685,5.955177613973952,8,1.0,1
8.322,7.059869846778651,14.37866896377068,28.44349429614122,24.713784258212076,16.87397761487087,6.414903387158547,4.478499956225124,5.204760542280254,8,1.0,1
8.382,3.642796540105334,6.188908547955905,17.99046275811863,14.066815070958329,9.405539430967996,4.421440137603076,2.339650094754432,2.1554785277815793,8,1.0,1
8.442,0.8489912947555682,2.1742905590016246,9.267176036218276,5.75326233435878,5.600443729354754,1.9599371841154969,2.526004517262915,-0.3008037294660097,6,0.75,1
8.501999999999999,3.604976385707578,5.9037529263552715,14.099875121608425,8.238628499707021,7.742647615628074,2.996585175865419,5.28946482554893,-0.12346041215879074,7,0.875,1
8.562000000000001,9.712336670909634,10.255726334338933,24.6663966594237,16.818741088968427,15.24863547291051,6.69243164192675,6.44175096866399,1.7878240423353422,8,1.0,1
8.622,11.770077513660917,9.1740495221422,22.660609566166897,15.536620794562223,17.838338218720907,8.25958405241714,10.53748551961119,3.814266530845774,8,1.0,1
8.682,11.53564286573897,9.089400058204708,16.115749399628857,11.244680089465673,12.598820211068917,8.77354649477489,19.747980828314596,6.045823889000793,8,1.0,1
8.742,12.082686200698872,9.68232828495364,17.90500696980218,15.130959682632616,8.895695366882725,10.402316420624222,22.63624532169875,9.453443540499823,8,1.0,1
8.802,13.84075120639868,10.601196767069473,23.914429538526324,18.620170666112774,11.220152652041,21.66954277520637,25.236309412259562,16.373370966592514,8,1.0,1
8.862,14.781628244331847,13.593055325824912,28.839008575866856,18.261637190135723,12.801642843523515,36.90653617322261,31.95831202546324,22.60485016682495,8,1.0,1
8.922,10.105325243928133,11.727730800873891,25.754608960256064,16.887781214091156,10.018673348654211,32.59009250134443,26.62943701030294,17.845174072809108,8,1.0,1
8.982,6.380068168019746,8.065775156863605,21.802520144202713,19.887611732884864,10.885401917341364,19.326192861882237,13.10300205875484,7.785528733652067,8,1.0,1
9.042,6.8359781070121555,8.602300468959161,26.16611274816415,27.025914838598254,17.045848533913038,20.817155049227306,7.127863134584598,3.3605749073315656,8,1.0,1
9.102,7.61520339115748,12.536267100761679,30.759214774798824,26.274518718862996,21.311282672383363,32.68259714531737,10.747979024352142,5.183075637570911,8,1.0,1
9.161999999999999,9.99298837719038,17.408260139950404,30.93905252126522,20.37736113124002,23.39860218622935,37.530164594472176,15.545261772704444,9.83290820492221,8,1.0,1
9.222,9.784182533654109,17.36100686605376,28.52712555417089,17.93070677926163,21.913915295824676,30.561182230857906,17.934809242271637,12.434910544971743,8,1.0,1
9.282,7.0072315812093775,12.966282464327648,21.064326425277347,12.759866673765236,12.495013629899297,23.516266416012957,19.272064227238232,13.047006201017027,8,1.0,1
9.342,6.5224023874151955,8.859445373903927,10.709022767995585,4.421224121801573,4.61998060803169,20.265031119880696,15.550764445706749,13.01269402742331,8,1.0,1
9.402000000000001,3.9562298043075064,5.5038956558139285,6.290813805253491,0.6678522650562795,3.8741204052500584,12.801661073405503,7.770566062615566,7.434368252643009,7,0.875,1
9.462,0.5001338991611263,4.287527410241259,9.451942838714366,2.121901484469437,5.027091879034865,4.3115345783814645,2.580001944595669,-0.236180322563848,6,0.75,1
9.522,-0.5521855536570509,3.530911701100298,11.241697614309402,2.735663980631275,6.801907350231079,2.4963906739406543,1.880021974956948,-2.364248248034189,5,0.625,1
9.582,0.11593101154110569,1.415036173906547,8.26904172960315,0.46561131962426505,6.413625918755969,2.985194145012072,2.5854976693439338,-0.48096772979153907,4,0.5,1
9.642,1.976111268463028,0.10342686294331438,4.850904426614173,-0.019848357834161223,3.325363639537796,1.1035943741923242,1.9781173340060005,2.167323955548178,4,0.5,1
9.702,1.6916778467976572,1.045034806065756,4.5410739472929444,2.59037702634115,1.0919020564629172,-0.3686146093761196,0.7296531598727927,2.805302702538256,3,0.375,0
9.762,0.7414170657018323,4.693025353401418,13.250020870732824,7.078841925840867,1.444497287268251,1.415928679048431,1.3073232887354393,2.668632038092131,4,0.5,1
9.822,3.056552682954545,8.158903890874326,23.577254474948585,9.813153129734486,3.8469706494673908,2.9179758060795287,3.7232680329188574,3.6279653292766967,8,1.0,1
9.882,4.535718201146824,5.995833641309932,19.032412405368223,6.822304239638758,5.217860833614179,1.4030678550021218,3.8080875632158953,2.506901797281308,7,0.875,1
9.942,1.9364913505924948,1.3632064508455803,6.199572642296233,2.1057855163897505,3.6893820395138657,-0.06846877515232772,0.9452939365186411,0.9589166602300226,4,0.5,1
10.001999999999999,-0.896068129018779,-0.35221629521843334,0.15666816507757886,0.5693347027176882,1.6182873220284186,0.0322524286867601,-0.3159051427935541,0.9627298812675984,0,0.0,0
10.062000000000001,-1.729427321048905,0.0889260645338148,2.014326020795169,1.715914032884583,1.4401774696324363,0.6212230170200518,1.094019234972892,0.6574649138843088,1,0.125,0
10.122,-0.006736259518607346,1.7169921219244912,7.265710645932965,4.566574711285683,4.42891131354303,2.4563653472257605,2.073291153106066,0.7069212658513666,5,0.625,1
10.182,5.691766861206851,4.356350362219388,12.480307460927724,8.363339489013585,7.941588306158628,5.268870744908849,2.312082811842343,1.7698024216052914,8,1.0,1
10.242,9.252390732947033,5.780807198649268,14.883046814392578,9.684264837581422,7.596438682944555,6.221641172161782,3.6369562742502146,2.0299307708576113,8,1.0,1
10.302,5.616940959149974,4.298332699448296,10.894669896035294,5.7827148948820595,3.843414612116143,3.8357646631927143,4.022906416256006,1.1104512841282956,7,0.875,1
10.362,3.7531779547028514,3.979930758218867,5.602915143812013,2.944874694484309,1.7566520522036972,5.926786766892181,4.009861275213111,3.377122837015205,7,0.875,1
10.422,7.979961660245359,7.434346062354945,7.51649266309565,5.234103859798181,4.4335593100241075,20.673384304077672,7.727804187667684,8.686060711322613,8,1.0,1
10.482,10.560288847239784,9.48663160750668,12.649429739737341,6.929217112042046,7.9634773923796125,31.242480199158702,15.327575600027595,11.895505366902997,8,1.0,1
10.542,8.819612464806454,6.935307510411139,11.888875291808338,6.648851771903655,9.417015396229804,27.16705498191915,17.8607273391646,9.806264517117778,8,1.0,1
10.602,7.7235364956429935,4.318271724621267,8.026621546581321,8.071719991034065,10.02718313294041,22.750802479262692,14.8952733546655,7.337081271805197,8,1.0,1
10.661999999999999,7.913233553933758,2.9459767852279977,8.261417821385443,11.097903783811075,10.842709093216484,31.311231942087918,19.741108455116578,10.559917821537441,8,1.0,1
10.722,11.399783566456888,2.617853796761378,11.405833518199367,13.336863224234309,13.184301062649238,52.50347144558322,33.901699636846836,17.926210717459682,8,1.0,1
10.782,19.495437793984838,5.0391734348608175,11.007999036955157,16.126247964333324,15.93181067442395,64.21418063802706,40.8546100751684,21.07310206336155,8,1.0,1
10.842,21.653196687681785,7.368177775225743,9.312188788815172,23.174415455772404,22.322549301543958,71.66745992951601,46.9366688579431,20.93018528863568,8,1.0,1
10.902000000000001,22.048534545362987,10.414902620753614,13.366931175805812,30.56339188099331,34.409171565047025,91.53003901471135,61.94227549504783,28.108952914334626,8,1.0,1
10.962,28.430936353470003,15.166176435148364,19.027282675262217,31.919007701630502,37.83724296351625,91.18591619337066,66.60150734097023,32.84300050607408,8,1.0,1
11.022,31.80296212880928,19.040839379923117,24.972593863826635,36.86246745442099,39.810075245130854,77.19595539194175,56.37501280070452,29.91212247169524,8,1.0,1
11.082,24.07594654721501,17.074302337372437,24.116826603911253,37.315586303441854,45.91160099747916,93.78185232213427,49.35382039980487,27.292918475212417,8,1.0,1
11.142,16.300845427487406,12.863204904234012,16.068524503713206,23.59870687410394,37.933150317898466,107.85310409961761,43.75382409121395,22.837377078900573,8,1.0,1
11.202,21.867840025051112,13.72489066311998,13.567672227764604,16.798023471221807,23.92019111558478,81.82525480364862,34.00318737504607,20.43769108376283,8,1.0,1
11.262,26.625053142040112,13.401241872152175,12.264677514157627,16.45215671550881,15.680378225615682,45.235591539657776,33.45692762711184,24.94001466696372,8,1.0,1
11.322,23.8579717783264,10.062758153073574,8.430547186515604,12.10399328857532,12.65162975758763,33.596022605756126,37.26962649652247,28.52812557407133,8,1.0,1
11.382,16.48552172359644,6.653037903058064,4.862969904409812,8.019823195699091,10.301145733939128,30.17534502078775,30.514705061163593,23.574612207098564,8,1.0,1
11.442,6.20143060941473,2.9730099765468325,2.4091190631646406,5.539748322721128,5.428294844782612,15.502225185820594,17.57716775473776,15.032026563730282,8,1.0,1
11.501999999999999,1.2356401622781816,0.4911026373035053,2.05837437278971,4.467612417967717,2.9410887764165206,4.406356585785027,10.17201343875355,10.033193862503916,6,0.75,1
11.562000000000001,0.8930839579032904,0.11821291363631557,2.1032315767119436,3.221537824262716,2.8411882627689526,2.41733577822693,7.186448867962973,5.802946685831208,6,0.75,1
11.622,1.282337952282475,-0.06566806493845471,1.493751356172291,0.257341300447443,1.529141910475336,3.2151049940128344,3.4145986805564985,1.8799247725956476,3,0.375,0
11.682,1.9158412376375935,-0.6646220714238056,0.7979501145360528,-1.7826172586249127,-0.3920788901491144,1.6290318704032805,0.6014298031138314,0.8630832930401526,2,0.25,0
11.742,1.6525106354120742,0.07932919378519387,0.13059469809038307,-2.0494533888142876,-1.162501035944333,-0.5228520590877935,1.0081803352696281,0.7071019459659325,0,0.0,0
11.802,-0.5051671394221154,1.607919880439775,-0.9405827486336742,-1.7379049081272504,-1.0365746096887551,-1.382263241665428,1.1958097835321662,0.3850045977428846,0,0.0,0
11.862,-2.0151933027272992,1.391130023675171,-1.1870763708783953,-0.07981686303224596,-0.8262211162418877,-0.7194643358210574,0.11493437632776503,-0.028917887672580505,0,0.0,0
11.922,-1.9272654288029585,-0.30742425106532356,-0.1796547667188827,1.5173708772302874,-0.9868824434262287,1.079298243288275,-0.5180547091781113,-0.7798640148891426,0,0.0,0
11.982,-1.8485363800326213,-0.8096842991342621,0.6576099930518212,1.0921593097316655,-1.1406392451845522,1.026186587986852,-0.7232224228062045,-1.1906211014665387,0,0.0,0
12.042,-1.4855552585371887,0.11747738850357191,0.5263636008675013,0.03419261641717495,-1.0389124536687684,-0.7221192413870745,-0.5051587782375521,-1.0414079869836408,0,0.0,0
12.102,-0.25169582798807394,0.6483546731633933,0.5026701335237814,-0.4627051618726748,-0.7003511511117431,-1.6115121231077054,0.005125187044463672,-0.7512522764933811,0,0.0,0
12.161999999999999,0.6052719762659934,0.8464583402954452,1.2568772570491675,-0.9161439648116309,-0.17389045928946856,-1.1691556844305107,0.25317591961997205,-0.8123972703928756,0,0.0,0
12.222,0.17479733628350003,1.1899609380614202,1.8469776294254725,-1.1871124828336315,0.4005315999850046,0.571033831442631,0.23233465681080678,-0.9172984520030374,1,0.125,0
12.282,-0.09840718650350584,0.8537708660952975,0.8529088474761383,-1.2219121776940398,0.3445692260797136,0.9243661168630165,-0.03875467694402196,-0.4787723341950925,0,0.0,0
12.342,0.5402061537227235,0.48895143171963346,-0.3281189118849743,-1.4986142809583507,-0.4844532960805465,0.07638191628631887,0.016124055163579964,-0.6419670327437546,0,0.0,0
12.402000000000001,0.8329003248264021,0.18465788515106052,-0.2779519508850817,-1.74278876077682,-1.1174906799430488,1.0124353488310882,0.2832390465720209,-1.1875565308687634,0,0.0,0
12.462,0.36829957664831475,-0.36982889918442224,-0.833418862571316,-1.4466781002409803,-1.4758585101748602,1.591355829689741,-0.40931867613116607,-0.43090524068831887,1,0.125,0
12.522,0.1666616139122963,-0.5114081143955963,-1.5295440490870644,-0.8891844696769765,-1.9020643076909989,0.9221348088364273,-0.9281885688582432,0.9863529933311904,0,0.0,0
12.582,0.8110027775249066,0.5983186428284455,0.12895939581986923,-0.1824613266681269,-0.9710881883580454,1.6854327375282068,0.7505417220226772,1.7910791726432984,2,0.25,0
12.642,2.666786366478602,3.8514161468654753,4.937873427527594,2.1646541732203266,2.5385535704351065,2.79675277588084,3.9192642763143066,2.481558679475625,8,1.0,1
12.702,2.721635132337875,6.070493624007013,9.092316764354962,4.002960429550675,4.49356814320607,2.0538312512048265,6.825855103961331,4.118330058027026,8,1.0,1
12.762,0.9857094385316768,4.32045755859859,9.593415411052556,2.3556131510431726,2.28931616286248,0.6534053314239625,10.33461127344743,5.6855018482484025,6,0.75,1
12.822,2.928254988768071,1.3692798786225593,7.425876168971958,0.4241959999748644,0.454540596377702,1.714069567337613,15.140627216980926,6.116794460868724,5,0.625,1
12.882,8.077203953567402,1.5726815904594853,4.280361579361313,0.40540216538164375,1.791954735127132,6.636281790449153,15.755153782647476,7.294575110674,6,0.75,1
12.942,11.71231594980591,4.244836217368705,2.895482256457266,0.9765319387012448,2.9700291009920314,10.383949565491887,9.650541928892956,9.82473613045817,7,0.875,1
13.001999999999999,11.957203405832557,4.274882129588744,2.1914825661258157,0.9820618423782577,2.6404392986775505,10.062514869005613,4.869565227694491,9.967111620502857,7,0.875,1
13.062000000000001,10.59883882987224,3.368824166844904,1.6097918355718637,1.2453195774712553,2.9335823420819387,8.296344395137995,5.537183151911477,6.840769431691509,6,0.75,1
13.122,11.157211657675141,5.62056928387403,4.70756129020731,3.2732211548313774,3.873365742517789,7.067341372831966,8.69820527873658,5.016515104851998,8,1.0,1
13.182,16.31416599371443,9.968195792861307,10.985660710732311,6.2491432164964165,7.2752203366061226,11.136373829982974,12.617365674607143,9.830521916705012,8,1.0,1
13.242,20.851608773116777,11.626478175416379,12.256542076792464,7.20075937688019,11.879790545813579,27.943544397859117,18.702069300465563,16.017631645982437,8,1.0,1
13.302,20.06175241213793,9.272537982580273,11.65456737700085,9.080558037005696,15.261857990889046,40.29315779833129,21.62691376906243,15.154783010193777,8,1.0,1
13.362,18.154852689916744,7.632262207623171,16.542705117566218,12.866967669037251,17.408504409941028,33.29105316349035,18.112052986785958,10.787922112124242,8,1.0,1
13.422,16.059514108894483,7.7038867360055425,19.620354674899875,11.67323302608029,13.805863105967326,25.157367775785897,16.043950437814107,8.242832679651976,8,1.0,1
13.482,12.402780219204606,7.9656764458540215,16.60086887304353,6.435509797157361,5.3220902373156616,24.57654329277206,19.98629379435715,7.090351518782828,8,1.0,1
13.542,13.209922636848475,9.33360259997791,13.735689341028637,4.293969980828733,1.8666446778892345,26.016210050589994,28.021620438587444,10.220783069110544,8,1.0,1
13.602,25.237274392839215,14.641462936218113,17.272858586873525,8.449549562820662,9.500491143815012,38.13629051526234,32.513932979723194,22.05856638689092,8,1.0,1
13.661999999999999,37.911335173763796,20.650694396555554,22.10756958519463,15.133286330591494,20.13070272870207,56.893666962276825,30.58009303174264,33.44137699296509,8,1.0,1
13.722,29.66804164096942,16.80442658348512,16.937745851060594,14.559105183836808,20.09812534812925,53.10041152899576,29.215531273104997,29.046738736422313,8,1.0,1
13.782,12.115880244406894,7.065568241973735,8.782778642334788,9.498064410129516,16.432927723828655,42.948915299122696,33.845587260705,18.297820045070992,8,1.0,1
13.842,9.287094497244828,4.088529056867553,8.533636932300814,8.186458053664545,17.883079307033643,51.764610696078115,34.1539137198725,13.77150576880989,8,1.0,1
13.902000000000001,19.653655444503087,9.957483214794523,15.008010033252171,10.17394396466282,20.725080260413556,58.85594284919807,23.118086671173813,11.647105545977327,8,1.0,1
13.962,27.182451302878206,14.613471091592361,18.624453114277173,10.022511436869761,18.680212996169328,45.58055899633293,12.331837705992575,10.52705831884232,8,1.0,1
14.022,22.142913463886163,10.415025241604978,12.736587136371602,4.340350317113592,9.279055424948046,22.89983982829268,7.860261755401374,7.53276042027075,8,1.0,1
14.082,14.917357710235871,5.9230293845121595,7.862593182169776,0.5600116482039698,2.290556844543198,11.06303520481318,6.038653730587949,5.06445069063195,7,0.875,1
14.142,10.814187894498517,4.412296895369963,7.032821721541704,2.2615173166224682,1.712230807064078,9.227346751830478,5.536226734548369,5.420575489215262,7,0.875,1
14.202,9.276424872201682,4.076330395707706,6.263930787649084,4.723239607270109,4.10907025862871,15.28586530251389,7.719021038530092,6.217435205995806,8,1.0,1
14.262,7.095456767267294,3.665873351772174,4.311270097943435,3.560669181452116,5.090075854296732,19.08184373821167,8.600706130852423,5.379710580653186,8,1.0,1
14.322,1.3255047942111682,1.570040193378369,0.7126684019744376,0.17559321737977088,2.3961217628436766,9.504498231155237,5.766973164797258,2.4370272681748584,4,0.5,1
14.382,-1.834832622216626,0.4753120474062875,-1.2135810917809435,-1.4883157104485119,0.6067515314780193,2.306938789285004,2.93085964411796,0.10198029429596411,2,0.25,0
14.442,-1.1190677441505716,0.34359812061507267,-1.069332544462428,-1.1669499805793861,0.8888206958693207,3.8594550111319283,1.1875175114854866,-0.4833375963898772,1,0.125,0
14.501999999999999,-0.30407909466357375,0.10264823867740673,-1.1256584983723699,-0.2978326641964492,0.24785785098892008,4.130187582289568,0.06947993412903701,0.28909995375748926,1,0.125,0
14.562000000000001,-0.9643731001961791,0.05756079324495784,-1.4043062703116116,-0.03438484938094752,-0.4901262489303497,2.404775188991966,-0.4803528108136657,0.8337290534334699,1,0.125,0
14.622,-1.8599407656954705,0.35484042224673734,-1.1166268549042675,-0.7203358843773299,-0.3824494782578043,2.105359162236353,-0.3656568944852793,0.5861449486881728,1,0.125,0
14.682,-1.7874324115774016,0.027166123559371407,-0.7973446761845565,-0.9332604165093219,0.6343836374569691,2.1111868984878046,0.5231420994448405,0.3760570848817721,1,0.125,0
14.742,-1.5829733037741593,-0.6208566262313648,-0.10607834599833049,-0.3844162154456469,1.1664326786360333,1.534026040161838,0.9104741551123654,-0.16321086458139752,0,0.0,0
14.802,-1.809970228962088,-0.1554316310986451,0.9707827039631134,-0.6672647009866518,-0.029718680610140918,1.1288931556839634,0.2938225530856772,-0.7395649303837647,0,0.0,0
14.862,-1.525025432799653,0.6699992072530082,1.6095326700171737,-1.565586875140857,-0.8293979925327011,0.20900786109175326,-0.3549815540450851,-0.6680259721464572,0,0.0,0
14.922,-0.937833382973687,1.0440103674462047,2.4547363859314095,-1.7697619323382767,-0.3030938552631904,-1.1729159028571898,-1.032285154271622,-1.153197223135902,1,0.125,0
14.982,-0.8008652383243454,1.0155455367307833,2.1929098117584758,-1.4773470269736506,0.3527682029225274,-1.2801439972738042,-1.2335276683156071,-1.1543237652832616,1,0.125,0
15.042,-1.01089958194723,0.30532343533137624,0.937639968119095,-0.9982725432414319,0.5131547497590633,-0.5116912863899006,-0.6356867548406125,0.2073819308167122,0,0.0,0
15.102,-1.3846200816776848,0.3683743526371926,1.0403883370012623,0.4055839585401055,0.5605486516458191,-0.35250417325701405,-0.04450731146053436,0.37538520341509746,0,0.0,0
15.161999999999999,-0.791719714204341,1.9223617601923912,3.0605379611751764,3.0205326133194816,1.8560878731879962,-0.8469102442128019,0.39599543484586935,-0.18430162241420803,4,0.5,1
15.222,1.0298514631434283,3.1974819260730745,6.575806150888611,4.033114170062658,2.617012630788349,-0.3349254664592445,0.9293610859037376,0.05689759223071472,4,0.5,1
15.282,2.2748271480111333,3.8356453392127308,10.585722116103256,2.7893270119994953,1.9982482752844442,1.844208924904236,2.810872473279448,1.0478406768853024,7,0.875,1
15.342,2.9010223344994457,4.632094543801283,10.954963341184659,2.487657571562624,2.4574016274294217,4.492241505561828,7.637914514612387,2.286073560160292,8,1.0,1
15.402000000000001,4.2086147924259185,4.900773747872697,8.075516906516752,5.300850780845176,2.944024810658858,5.1567853072790735,14.56476472164505,3.3889829219765777,8,1.0,1
15.462,6.0057228763827375,3.8635986797038293,6.187330098356672,7.07859576736572,2.088917001551959,4.685330238780431,14.60775640993576,4.869203601953921,8,1.0,1
15.522,11.080322505813564,3.4676631593209173,5.996651429608341,5.400146846367893,2.327739171462555,5.370154385237158,11.029465083838268,6.1605975011189145,8,1.0,1
15.582,12.469545924516398,4.626273443747585,9.879460879236497,7.868530067360794,6.800665029897563,4.703663207857499,12.362560654016951,6.007328280785312,8,1.0,1
15.642,6.710965723245629,6.4852315559868785,16.59762552512143,11.91784235669907,10.259868407278832,2.643312558312102,11.83088125187809,7.100075487206262,8,1.0,1
15.702,2.2684988826529993,7.714470888837227,20.528276639854386,10.872059438747085,8.913089746597834,4.444337137161912,11.362398077482567,7.731789918115237,8,1.0,1
15.762,1.9776125111563045,7.705755768882846,20.816869463519385,9.814807207793597,8.125145312263976,9.785916645913256,13.18428712188583,4.24169719973934,8,1.0,1
15.822,7.552208258162559,6.680450714286256,18.26767291040912,9.442538823870649,7.7637045111254475,11.01192436215654,16.96784691682092,1.7849319801027004,8,1.0,1
15.882,14.193231601099427,5.805810005801482,11.52451049523885,6.857189874914494,5.942209563237724,10.117229969460853,20.162022768941377,2.8298527253006434,8,1.0,1
15.942,14.689635024298516,7.120184197703652,7.449321271993656,6.401504155027766,6.482218464565328,16.127106798423952,16.60294138662608,5.977437881078781,8,1.0,1
16.002,11.65423524088184,6.9058053116859925,8.214845860479363,7.443854904247167,8.570408264702376,23.609559015490373,16.061374219877738,10.710965852095825,8,1.0,1
16.062,11.773574061031866,4.145392797220549,7.1414931732418045,5.765560197458246,8.635791507145205,26.764459833142933,17.806341251597296,12.610197493860161,8,1.0,1
16.122,12.884610244719278,4.716998068843009,5.975319484373746,5.178003375446971,9.270614382702385,31.504628509903515,12.213988421236698,10.248313159795593,8,1.0,1
16.182,11.799182614567473,7.64790974600318,7.0382623484477245,4.948301205912707,9.45465230713261,31.88654486905898,13.064258913271365,9.611945235731005,8,1.0,1
16.242,10.38818213395123,7.391560558230542,8.20445424487042,4.288850382558076,9.148367141077697,23.788502702807435,19.851937458373715,10.021358941540836,8,1.0,1
16.302,8.466975645125835,5.60015294752478,10.726050495686478,6.112161144402118,11.749460955642151,24.341046341082137,20.020698684736505,9.844341409517787,8,1.0,1
16.362000000000002,7.7062736527506965,6.117977924210913,13.68579264954239,7.359159051268887,12.632749844732466,28.892840427875274,16.97494007154626,11.15136990662881,8,1.0,1
16.422,11.637080523599385,9.710807850389534,16.413067335001784,9.151613019017779,11.789723769948864,25.11855886326948,14.054399750726125,11.243190286240539,8,1.0,1
16.482,17.632993959967212,13.121258323280573,18.301093721712835,11.15215955210988,13.175400579600286,25.706135321057392,17.494069654871222,11.58358754818377,8,1.0,1
16.542,21.93120187970274,14.604008836289653,17.63329830330549,9.125877703149184,12.270598211403891,33.748819905854546,27.10287780327175,15.933447935661468,8,1.0,1
16.602,18.963164290067798,12.941157421928835,15.002136670881136,5.934508157990706,6.766759073763491,28.306478753565912,23.246839552162402,14.575494287012814,8,1.0,1
16.662,8.663288199406685,6.757380829909491,8.31858171343672,4.198356732934244,1.757624368957173,11.597704724384307,8.093100156980848,5.527430699940118,7,0.875,1
16.722,3.6017220386733713,3.2556859165876353,3.5302538067401907,3.6742245031456364,0.6975188084248661,3.8408137298270693,2.634525612009755,0.996535161521018,6,0.75,1
16.782,6.084523325628582,3.991466740120456,4.992530751061839,3.5442448631012513,1.538265166647231,5.449448470595507,8.089040306202198,2.0929835375968784,7,0.875,1
16.842,8.33290546711822,4.8851776398637385,6.874175714549669,2.8099628915370225,1.904290173796129,7.7226732329733565,13.641364698542349,2.9022446533743804,8,1.0,1
16.902,7.342012862552303,5.919331098302337,6.594806926973795,2.7815107989486427,2.0769709842115023,6.965474364722031,14.13264697252984,3.3227532752141955,8,1.0,1
16.962,5.346875845943419,6.832159848092133,5.564515261815742,3.614480897594708,2.0390370516098613,4.212912593824956,10.27331202394866,5.400985596666792,8,1.0,1
17.022,3.192204744484586,5.72301348501599,2.9958118520830195,2.6813997124327122,2.154493444040187,0.5890628710267456,4.3562913514014365,4.631582793161627,7,0.875,1
17.082,0.8230483006074997,2.6842457350185374,0.5934841453061522,0.6925065954815762,3.586568824020848,-0.3115616316506047,2.8099784421365843,0.4092179071642272,3,0.375,0
17.142,-0.5689031987437482,0.35056546405831485,0.9112820604998716,0.1504783240523375,3.912783688879642,0.37843119101624695,3.7817594018974052,-0.8505722914702907,2,0.25,0
17.201999999999998,-1.3597545896603727,-0.5969674233179929,1.502446941163746,-0.10803119649190603,1.5389355147531016,0.6858586867609687,3.25132262046251,1.454490285526026,1,0.125,0
17.262,-1.539369881022598,-0.7780025497918478,0.9543924569659074,-0.7816386017956093,-0.038579981895578506,0.8818406647912144,2.0466290893142403,1.764518582380684,1,0.125,0
17.322,-0.9068636940603261,-0.4081331680750973,0.3516276567886459,-1.2650406952162638,-0.13129932715455014,0.04086909663812175,0.13828161251830054,-0.01644303226651331,0,0.0,0
17.382,0.37618188793290647,0.11408092409559316,-0.053534462637847585,-1.1282274640219176,-0.15118999583461964,-1.206466196334939,-1.0820744131660434,-0.3390668007965998,0,0.0,0
17.442,0.35929954755408566,0.47458968105107885,-0.8513441918121898,-0.6472422075734116,-0.5034243008134416,-0.9656667621473064,-0.712189386064083,-0.5823142282326741,0,0.0,0
17.502,-0.47772232417750304,1.0645949660843588,-1.648131257568141,-0.7115207849040152,-0.8936149519706853,-0.4946875730446374,-0.0966433947546153,-1.519731758840113,0,0.0,0
17.562,0.560407006117814,1.1130261729986068,-1.8326623164664821,-1.3004702951061902,-0.7446649083906921,-1.0339550239545956,0.09342752387359436,-1.1902502651640072,0,0.0,0
17.622,2.016695641462125,0.8262423432368026,-1.4816500432362891,-1.5422938287812171,-0.7872089005190087,-1.8183736630551681,0.4342317420370787,-0.11190187013092329,1,0.125,0
17.682,1.6999900203223801,0.8678106678624324,-1.1730709634716758,-1.4094824730473938,-0.5997836244387281,-2.061939337944509,0.4357038239883011,-0.23208509305014094,0,0.0,0
17.742,0.4417132491941553,0.8316209347560669,-1.058431491609016,-1.652164186427428,0.24773956287860577,-2.0998288933550504,-0.5551622328864826,-1.1494940097366808,0,0.0,0
17.802,-0.07760970934688692,0.5141391857143254,-0.7024850001152302,-1.8610439888814296,0.5745316374052406,-1.5977024255501118,-1.2341391505807406,-1.5251732556726953,0,0.0,0
17.862000000000002,1.1053198362546537,-0.011959888967401569,0.20065632515168688,-1.5743340222875188,-0.022275144882126684,0.29684004293983446,-0.6518294419682179,-0.5916825123850568,0,0.0,0
17.922,1.1509468179164697,0.9382704343990699,0.26076781241840846,-1.3737507064778693,-0.22193283955663193,1.8463670774487289,0.8913289672493488,0.6991892325858782,1,0.125,0
17.982,-0.2591536390525587,2.7125611983611386,0.1191978644457705,-1.2453778988893647,0.14213853819669772,1.0008402811813177,2.33581536606045,1.2023067714847195,2,0.25,0
18.042,-0.6713412921896453,2.621793376450886,1.5296104033252098,-0.5031761367731373,0.028607616889640617,-0.436185279087383,3.1322336120616256,1.1403428299270506,2,0.25,0
18.102,-0.3584204458925046,2.559112961289462,2.4389667803172377,0.5232520891731199,0.6399786413675428,1.5322386654922067,3.923143491651554,1.5194417561196716,3,0.375,0
18.162,0.03725233834177386,3.476225701407253,1.8937978069377037,0.4681647292129835,2.0811462357555195,7.236378367656015,6.915207197729287,3.7482707540311666,6,0.75,1
18.222,1.7504007197955627,4.599132567381058,1.2259945197034663,-0.31231834680443465,2.589798389978236,10.926762232528779,11.474527203280303,7.583669659608212,6,0.75,1
18.282,6.569739682984651,5.358156712500022,1.520685195784985,0.3586136324173312,3.3587473991014796,11.521309119421877,15.242853641315913,10.1825929827895,6,0.75,1
18.342,11.317901588099545,4.0583517882871805,2.5998274746879804,2.1226159242912925,5.085615678743987,12.468007689737254,20.325189537826237,9.819325149427412,8,1.0,1
18.402,13.12893069872603,3.511037495985626,2.0825189147299628,3.8836503076152944,5.903548835243323,14.485100096538297,24.535551332939942,10.01096132087917,8,1.0,1
18.462,23.120931002293403,10.50818388386008,6.60915148604834,8.495960430534694,6.80350456240896,14.213648224977055,19.45169192117425,14.800157018789337,8,1.0,1
18.522,35.398982682857,19.31970103766068,20.72284398630767,16.01236874998205,9.422588556287268,15.255565216229828,14.215840015774091,17.495669165324607,8,1.0,1
18.582,32.38610694277451,17.69378078596465,26.570041963006364,19.869001609248773,14.16330353545304,36.66474474707758,29.628334493621775,16.99280532735737,8,1.0,1
18.642,28.95360129848118,12.917144607993583,20.585262205197964,18.306342113444206,19.613491342960174,61.65773337867929,52.70454660553039,24.035762387181617,8,1.0,1
18.701999999999998,31.01818386767972,12.89157238324979,19.100098794385108,15.475012980244124,19.530589378749703,51.50932727152931,54.06618202288246,29.8867459855889,8,1.0,1
18.762,31.09301062558342,15.205277498082713,22.25977629892323,14.336640979403823,15.450189125798211,28.35299527055591,35.260368436200146,23.29925366919706,8,1.0,1
18.822,25.30408302251816,13.654280919280687,18.12654854699299,12.032630312004436,10.679270230048607,20.522139540716054,18.74071392162772,12.398434500881779,8,1.0,1
18.882,15.446190877243623,7.4978854579463095,9.618263844902648,8.230133514324379,6.0649748879526255,21.042009925751973,10.90928473315404,5.57821480067679,8,1.0,1
18.942,11.944282164979981,5.6615446181263165,7.753038074748267,6.2611046786992075,6.483030106578678,24.451205979177672,6.429316736579135,5.227451032424974,8,1.0,1
19.002,10.734697036112166,6.7154015072465505,10.45151264039824,6.235858078811764,9.569966607000834,28.798649408349632,7.889422357303027,8.117178171824248,8,1.0,1
19.062,10.67289508925738,6.890003304629992,11.764828258910505,7.603656160940822,13.338980526672858,37.41683874874243,13.391569678265826,12.347076424442553,8,1.0,1
19.122,14.824492331553268,6.3799137908587085,10.12191840661687,7.257664374833354,15.372240628577579,43.86840185272094,15.905112794896366,15.921577126353881,8,1.0,1
19.182,14.823918391514715,3.7067585646268753,7.141387535975736,3.6430913724423655,10.293039454663722,33.98296746783994,12.596824394194902,13.47519046682146,8,1.0,1
19.242,8.384628362215125,1.8798700059697027,3.9313002060846767,1.0308746241534024,5.365298225869473,25.82820657277026,12.395227065289175,8.053857527223586,7,0.875,1
19.302,4.597482636748671,2.6655779733453233,1.583694881471767,0.5105272693323687,5.108074232461076,27.921048819542975,20.9037705908606,6.249036628279861,6,0.75,1
19.362000000000002,4.126343968988626,3.139558157230398,0.6607945943810333,-0.2996377848614001,3.1918985603934833,18.185022450447004,21.770184222628064,7.0934536126447005,6,0.75,1
19.422,2.7031385112259443,2.6047932450752156,1.0392979282866401,0.2167011694703144,0.9233053058191851,9.461439027660234,15.655629119194858,7.329128481582998,5,0.625,1
19.482,2.0686330030840834,1.5289602151259587,1.7764765085446532,1.8166697807965981,0.8337541192435944,9.561627833183996,13.456523987989947,7.199886238875355,6,0.75,1
19.542,1.3098752362993051,0.39699650918519785,1.5239464988876372,2.662060662936711,1.0563686019164054,4.643172388102841,8.6608124447558,5.215025155835533,4,0.5,1
19.602,0.30151034934379445,0.1673676741017568,0.878077560838046,1.5795470221007777,1.1247060523229868,-0.4003985758644104,3.752909767596203,2.334751545758248,2,0.25,0
19.662,0.7401625035344702,0.5368718692486423,1.0360348942554602,-0.09440725146774999,1.359804269799227,-0.8331585517005391,3.080676890077664,0.46885145772367903,1,0.125,0
19.722,1.6614653242542856,1.4688642732839339,2.9281408135509372,0.07081647692076548,0.9484839773472423,0.17422045708403075,3.7029309763503786,-0.7134211742417413,2,0.25,0
19.782,1.066528286613058,2.2323861866808836,3.6497242955591624,0.9028396010866673,-0.42814311150489615,1.1857895500642313,3.043241574582192,-0.6460333231352904,3,0.375,0
19.842,-0.684254047937498,2.0534065353053395,1.6773031257159048,0.504699845303046,-0.6915725731113915,1.9181816328752508,0.791467953388159,-0.21846272066107456,2,0.25,0
19.902,-1.3962129987159857,0.9891398350217616,0.5876090623313205,-0.5802478792194817,0.8951737745852744,2.677390898324905,0.11158365597496078,0.23391581586513246,1,0.125,0
19.962,-0.5309365347563703,-0.4773758228055121,0.5161367775692307,-1.0675621688206143,1.543607499941764,2.3047806818106005,0.36632620597751747,-0.1977706032962995,1,0.125,0
20.022,0.056960233323159803,-0.5811575752118509,0.10671265615063914,-0.9861055200856184,0.5235846852544705,0.24724797838476661,-0.2930359766466711,-1.4678818918530523,0,0.0,0
20.082,-0.6778327017921398,0.21390111351658606,-0.3870705169049353,-0.175095997423546,-0.42817968686621427,-0.8249380148619285,0.2779536128736993,-1.8534393770613464,0,0.0,0
20.142,-0.10808233299530927,0.8460370890803159,-0.6343056228452735,1.2355698741594756,-0.732244971725533,-0.3174872359947532,1.495097739164106,-1.401550964234124,0,0.0,0
20.201999999999998,1.8525355307107823,0.8618159917250293,-0.2934245185518709,1.772506437790603,-0.7128708164502665,0.7444487700185491,1.4195934354996542,-0.5277669520228221,2,0.25,0
20.262,2.484421591743762,0.4144869893011682,0.28541707730229443,1.9433871685943567,-0.9697788548988555,0.662374956902279,1.5052342468274815,0.01752265719972476,2,0.25,0
20.322,0.611313170277846,0.5683917118164684,0.7172780999481193,1.1846949825392872,-0.9710078445637028,-0.20466903040883888,2.0410464078207053,0.29665342585276666,0,0.0,0
20.382,-1.6926660286905237,0.4232693893186774,0.9543714575167604,-1.0150505302030963,-0.31090270422029737,-0.07223301856199794,2.183068809472795,0.9138683054489877,1,0.125,0
20.442,-2.424930621500971,-0.5805530892200061,0.7066501670312557,-2.136486125788815,0.6024975153886601,0.3679698461853053,1.6439725275592363,0.7710092329052863,0,0.0,0
20.502,-2.061873576635557,-1.0312236413155176,0.048528036062715385,-1.6489874557458828,0.42536630448310836,0.26901156736435833,0.6508889321663265,0.15842665593055535,0,0.0,0
20.562,-0.6738797275632332,-0.45514154984155386,-0.5452157944315094,-0.3567577612353216,-0.4568153451640988,0.5475200136332996,0.7583001663212604,0.20776064888096027,0,0.0,0
20.622,0.6519578834437421,0.5397346189322869,-0.5786806865869,0.55455362703613,-0.5924561781614298,1.6204042711347257,1.1204489336769266,0.006124982895425781,1,0.125,0
20.682,0.49608519740742985,0.7597193088840793,-0.3916524038848424,0.4608527132261251,-0.821654695529558,1.7072330306061572,0.5563162042450484,-0.5447194331688231,1,0.125,0
20.742,-0.5607722308583013,0.15541570447814415,-0.330178639892026,-0.03553192825757034,-1.303874711036489,-0.07880946922307369,0.22199307654046288,-0.19877720182086553,0,0.0,0
20.802,-1.1330828630508818,0.1102906331140477,0.4410485092792919,-0.4211217950884392,-1.0489436904647838,-1.749945221703399,0.027919788231023257,0.629979640746706,0,0.0,0
20.862000000000002,-0.9345437118677787,0.7212377420381985,0.9731351834981431,-0.560615159501905,-0.42157219164142945,-2.005144129215298,-0.6431632572990656,0.16465156423081026,0,0.0,0
20.922,-1.1758560608370214,0.839763453252114,-0.06236513298939358,-0.9176064828995131,-0.5847866843766375,-2.3331047603160737,-1.1113863267133512,-0.6452136205767542,0,0.0,0
20.982,-1.7287474287249578,0.12057057453549741,-1.1920415108397382,-1.2268789935822124,-0.7316708338561945,-2.6611071664014188,-1.0511775162740584,-0.6336034310652269,0,0.0,0
21.042,-1.491817633695275,-0.2611726175562709,-1.8811442141767631,-0.42562018971724197,0.32743259683553544,-1.439019018416032,-0.7721818212146068,-0.013068308971185013,0,0.0,0
21.102,-1.1293613024757525,0.1470260338559083,-2.3177598004531155,0.31078149187493703,1.0805463594243636,0.36481325341528387,-0.54774919876526,1.6557103040879018,0,0.0,0
21.162,-1.3554513864740036,0.8851950845966465,-1.359677364756614,-0.5802909628412901,0.27914794404494253,0.22332841380483062,-0.2800263904922155,1.7911390327777053,1,0.125,0
21.222,-0.924345266860663,1.1731374064742512,0.20549271079786516,-1.7047619397444451,-0.43222450918671235,-1.075165335135855,-0.20944012254737324,0.3173251919865417,0,0.0,0
21.282,0.3340416562731832,0.7840140855552752,-0.09388618805128518,-1.657798105507494,-0.3439228572655775,-0.47439946425342333,-0.4999596206901365,-0.02025438787321911,0,0.0,0
21.342,1.4156109814675164,0.2937874401244595,-1.3130815603971817,-1.0467305158620197,-0.04323263515660555,1.2789575743250898,-0.17842300510334405,0.055374535885702354,0,0.0,0
21.402,1.4427510144961104,0.24314658136834397,-0.6729162724894415,-0.9917497090877655,0.25734420333525043,1.8778451583815459,0.2830463795374301,-0.5574217687851379,1,0.125,0
21.462,0.4513062438400912,0.2562212396994293,1.5726247689896022,-1.6451603627624116,-0.05869500860385651,0.34702209382015603,-0.4792326605610669,-0.561234164348542,0,0.0,0
21.522,-0.18056232956382146,-0.2980984270372247,2.6334993205496966,-1.7314484299245725,-0.21165052670295018,-1.0957594398456802,-1.4989195859068138,0.03994780944071472,1,0.125,0
21.582,-0.39892473681846746,-0.45583905663716423,1.3949844015920314,-0.7881328034868841,-0.2347236746565279,0.031951881547354455,-1.3829358109248888,-0.241697942503069,0,0.0,0
21.642,-0.08794638162705799,-0.0027007820788155688,-0.2056439444921214,0.337960554290378,-0.2176427152919329,1.7847153749697036,0.1349445472467379,0.24946776536674262,1,0.125,0
21.701999999999998,1.179366634280305,0.7684235211271478,0.8751187127090491,2.1867033213622373,1.7180954643118487,2.504258119766287,3.366725323344944,4.169370584256465,4,0.5,1
21.762,3.8530032518531354,2.7854880550347403,6.136313874957654,3.4327619628537054,4.462203797843748,3.3779970385315914,6.492496086473863,7.46086387569954,8,1.0,1
21.822,5.456311733406568,3.399061348125215,8.062761576202789,2.380272816701843,4.357872620471812,3.8829727197754216,5.6390526477884295,4.973880175225945,8,1.0,1
21.882,3.998041601424982,1.492276849805342,4.224154295535362,1.085047566483215,2.361386476438647,1.5232165923614538,4.174944056793057,0.9457314551783447,4,0.5,1
21.942,2.9697771205864467,1.2010618270612652,3.415157810118908,1.2797309876772898,1.1309814770114177,-0.1815496451304698,5.968449969122415,0.1935423723028529,3,0.375,0
22.002,2.4761033046656187,3.1012929971724588,6.703894673130056,2.6244316127204486,0.633265949681767,2.329183786357951,9.394489681646762,2.7623403964826,7,0.875,1
22.062,1.0968115843912092,4.003915076484727,9.16969658801002,4.59595095142696,0.8068314843924411,5.0274541117435225,15.015906164976291,7.234051908833693,6,0.75,1
22.122,0.8108230333699176,2.2357058617887935,8.30515015497363,7.2771373829910075,4.708774515502308,6.616634150151289,17.557437235356897,8.888198365067506,7,0.875,1
22.182,4.8189938338254565,1.8079405339737982,5.129645334696267,9.437980520762126,11.887947850913179,9.268438286726271,13.415414132387902,5.002472111112955,8,1.0,1
22.242,8.752886337673278,4.026945295761828,3.385452135613697,9.633300785441675,12.426344355634292,11.99257152932521,12.72069286985227,3.2681067410934355,8,1.0,1
22.302,7.658958620291194,4.169297094837487,3.2047806765028395,7.244580308350045,7.697925073819359,15.406803855795046,19.080692552476776,9.24102341294322,8,1.0,1
22.362000000000002,8.312304682020983,2.856672724673425,2.737517422934049,2.8572764516122393,4.916892123392344,14.293854564242814,22.814251190149502,15.169675081672688,8,1.0,1
22.422,11.705309447495745,3.1178401857472324,4.462560916414942,0.7613648944584033,5.139482899233529,12.98530038384734,26.7067516608213,17.92292174376502,7,0.875,1
22.482,17.663165880098315,6.182860452707767,9.201175473349252,5.030702154229647,10.251292506030108,23.58245921364089,34.23276461755025,22.976074443376515,8,1.0,1
22.542,18.210360355817755,7.37309262319929,10.86450036133043,9.36971414688606,12.284933631775267,27.559726444584864,33.3653852826672,21.779562929479074,8,1.0,1
22.602,10.250750343594769,3.543879489207347,8.827099085358963,8.708416755873166,9.547568213081242,21.500167422862763,26.9751481491935,12.602924746280522,8,1.0,1
22.662,7.771472939222513,1.391565425280298,8.436110194339696,9.587356742390996,13.448503913146096,32.02297857359293,33.21223568536557,11.836658325118876,7,0.875,1
22.722,9.657837160189759,2.708842289303359,7.139096279756689,9.135516096257787,14.88074356873753,36.99993549661519,35.33426094530593,15.027149161768547,8,1.0,1
22.782,9.928365850489808,3.2577514532311356,3.4982622521157705,3.5657930653816616,7.9077081042203465,22.9324903837564,26.004862729920806,13.140268741560233,8,1.0,1
22.842,7.115063684156585,4.071272525995368,1.951695332931517,0.40814706154831676,4.407576486717866,18.988547718479996,25.615875740736215,10.217893980961088,7,0.875,1
22.902,5.121454066570116,6.378080914553606,3.3364530911581487,2.8637936960384,3.820648535729651,16.79228892100029,22.07920305707066,6.2923699507893724,8,1.0,1
22.962,7.710945066312376,7.3510180350261125,5.877060760410399,7.336870862642853,4.373534634276462,8.773114815815473,12.669494020649303,3.623129028070474,8,1.0,1
23.022,13.670446034094182,7.922974657579858,10.287127161038066,9.972535459384947,8.345511897620568,8.5073469465945,10.505879827851908,4.437679616396667,8,1.0,1
23.082,18.32655566015142,9.232031875719985,13.6437802963503,9.741200044340827,10.779562617086583,12.877968766186505,11.523580259846492,7.239594332273669,8,1.0,1
23.142,20.317009064412595,10.899941598991338,13.648149380437369,8.299285672210992,10.126543097365564,20.08582261439084,15.174085088260108,15.148370113612346,8,1.0,1
23.201999999999998,21.423999173537453,12.580670238050724,12.033252887691859,8.050745400027955,10.383764678338894,25.368403760837953,19.07215608553636,20.35072677729521,8,1.0,1
23.262,24.9341186025312,15.489814733789123,11.405916736468706,8.152525764769084,10.557170109015292,20.400669126415064,19.95672105801012,16.963340132924092,8,1.0,1
23.322,30.973387013175792,19.029068689347454,14.152374459456183,6.077156544339643,8.962576372804458,11.363331810964985,18.861164851366052,16.23230532337275,8,1.0,1
23.382,25.96271004547223,16.189733687692158,15.469452715379077,3.0193520738865076,7.0144747594548775,6.71433416160437,14.692745493679118,16.05640757705846,8,1.0,1
23.442,12.850120331196763,8.444350973225898,12.540388589740685,2.454535884403907,5.609816142264161,9.218445980944983,14.670515217675296,10.409416146875058,8,1.0,1
23.502,6.353297851041803,2.7489582028821933,6.255590498326395,2.133856826425279,3.957522149996072,14.223678662940666,17.599533113946656,5.348162269701845,8,1.0,1
23.562,5.031673373870333,0.34233182198513584,0.8049928810208655,1.1500172560012965,2.4331809352563547,15.014650012372892,19.037832494238124,5.266436691019139,5,0.625,1
23.622,2.1138714082923555,1.387420172722834,1.8075268783708787,1.6299817256232518,2.1572419088612964,12.680030784187084,20.456326084074437,9.22297831018568,6,0.75,1
23.682,-1.0050650399522645,3.228483109135116,5.956696663931492,2.8650862223933657,3.7249004807832224,12.109915470733787,16.5002086027303,10.932235844896423,7,0.875,1
23.742,0.22002650792248335,2.998258686353219,7.329941171013523,4.301753892227832,6.21396548707616,12.936395129859235,10.127955921440702,8.950261050175284,7,0.875,1
23.802,4.613347648775949,3.0486811468002455,6.288243443880465,4.459909585085226,5.796861812932273,11.943116028295579,11.236624845064073,8.279115865859348,8,1.0,1
23.862000000000002,5.297497487995337,3.801257592829207,5.129571560364436,3.5042658574611676,3.7798416985750705,8.369855078898913,17.422110741971498,7.520948015183763,8,1.0,1
23.922,1.8019071187133093,3.227666552548462,3.529780103643994,2.434029824501234,4.076070427015092,4.0165385336392205,16.469024081493355,4.963520693119045,8,1.0,1
23.982,-0.1914354312373102,2.218021191668666,1.565893621723057,0.6285562460946689,3.9762974725995637,0.3985878186502849,9.980813031428921,3.1156540473465633,4,0.5,1
24.042,-0.8142212016485183,1.4556476066549549,-0.35555327075533344,-1.1141521410057413,1.9815044836250466,-1.352083991979981,5.610681712071453,1.9359720128664215,3,0.375,0
24.102,-1.216266469788547,0.37443698619343296,-1.4153792709622843,-1.0332915353292638,0.5488991509310405,-1.0312418134783454,1.9346281377331451,1.0544170425593515,0,0.0,0
24.162,-0.7573366096331696,-0.34338674682474807,-1.3650234169391078,0.5589510903511353,0.5620165022616107,-0.28632470768468704,-0.33130861701455033,0.3700920642292267,0,0.0,0
24.222,-0.5140076031535203,0.17391600469323612,-1.2245499241425557,1.1697179586103783,1.2418982188809002,-0.753259875370233,-0.7133912186189261,-0.1085617040767401,0,0.0,0
24.282,-0.5726274601979638,0.6098782990109078,-1.027640798516402,-0.20237544092637536,1.0391437155971237,-1.4722935491799845,0.41168460103871013,-0.4301590255521113,0,0.0,0
24.342,0.19964241477379466,0.015662283078309098,-0.9889621387350206,-1.3992669686434933,-0.08115771516768798,-1.316271898792786,1.8605256982655167,-1.2323216104519987,0,0.0,0
24.402,-0.2432463270281735,-0.9235885278740218,-1.4339367956456064,-1.1810519990721118,-0.6578404876942486,-0.5698618819568788,1.4120766621048135,-1.5297745589226919,0,0.0,0
24.462,-1.7374383348509923,-1.383012185481535,-1.2459767388704481,-0.6353448225890677,-0.6450283331168444,-0.5407305561280721,-0.24119758661301546,-0.9404078039146979,0,0.0,0
24.522,-1.557305396403262,-1.1873171672780785,-0.9582311822354183,0.21830169717134842,-0.35380276604055516,-1.0240008681349344,-0.7622439186221003,-0.3156010348540639,0,0.0,0
24.582,-0.21848535852378137,-0.795628740397878,-0.7899742982734099,1.0037065927577515,0.32444610417393693,-0.8801740050939834,-0.018189263974611597,-0.764089440742579,0,0.0,0
24.642,-0.004165705416416356,0.26765073085975516,0.8691692381160001,1.000256692735726,1.6637271795287976,-1.29670727664257,0.4760674318151324,-1.4689713619250577,0,0.0,0
24.701999999999998,-0.634094335260038,2.1650763353035587,2.600085785582889,1.2372465553333944,3.2398080015571544,-1.738699002138785,0.6673598253167485,-0.9820986494308928,3,0.375,0
24.762,-0.5290268233930664,3.054213881414894,3.6620955281299223,2.0293429404004244,3.867167978351011,-0.4916094119567396,0.9861809653674641,0.5586403396996834,4,0.5,1
24.822,-0.352007254084075,2.0262752363911125,4.172453009817729,2.0752736845782125,2.7314662273234287,0.6683339647342573,0.3994425023888488,1.581570050587354,4,0.5,1
24.882,-0.1611438651706579,1.0413807431910034,1.9119043468514618,1.0851941790647965,0.6362794784018794,0.8762392743976148,-0.1313644656894377,1.5705035399418519,1,0.125,0
24.942,-0.23820608435957003,1.37807591822809,-0.28226764231899754,-0.037399533964877885,-0.04911656676558481,1.296305821538782,0.32718585801657646,1.929561563016447,1,0.125,0
25.002,0.10895555841948922,1.158198301850313,0.9269139177845115,-0.5452548333597441,1.0276178028408711,0.7635017357973611,0.48652419295431076,1.8578121691279017,1,0.125,0
25.062,0.5222973429497152,0.18690897052961397,2.68347497822743,-0.5077137895518106,1.3072158434250858,0.3870243426200482,0.7479956782611198,0.9253518864865041,1,0.125,0
25.122,-0.7417492715259156,0.20525212011910035,2.5422360999241884,-0.1868050859925654,0.6794193008644601,2.10026805232692,1.352379275919766,1.2677970214420087,2,0.25,0
25.182,-1.8559933592609934,0.707469039352366,0.5345405901795478,0.35251947220925256,0.21235453141835114,3.273452492989899,1.5161535584905235,1.3764848228346322,1,0.125,0
25.242,-0.2687348109033408,2.0453514353476643,-0.21036149244067606,0.8418529376848078,0.14309144017995198,2.1705035748947745,3.7216179033078323,-0.21300685991293625,3,0.375,0
25.302,3.709160259552217,5.175704528278986,1.9445833535201196,2.185611938237353,1.6718019152296568,0.7535436663185738,9.207061243653692,-0.3138526721533476,5,0.625,1
25.362000000000002,6.7324092910102165,6.136466158499555,4.553755514206896,3.979677840112913,4.415258024226226,1.1943042355076825,12.534607529026154,4.0532911157948135,7,0.875,1
25.422,9.37816443398332,5.922975716067992,9.107464563974299,7.726072230911171,7.961441302592384,4.787542825578149,15.122759378633114,9.505463949436784,8,1.0,1
25.482,12.482667213848607,7.866380958740802,13.361089586146933,11.437168329263487,9.929438500560718,12.477449234753179,17.520249784380535,8.483435965833566,8,1.0,1
25.542,12.734529308773759,7.067649309525998,10.541229732540344,8.791002280269044,7.374623950715784,16.907745096023252,14.145012023646366,4.543133011288874,8,1.0,1
25.602,10.06142519770717,2.8811933766394016,4.623604968103897,3.714589219557714,4.957536239100857,14.069260548623326,14.327065016997267,5.141999949405515,8,1.0,1
25.662,8.82433410607991,1.7405673925219123,3.868614486805727,2.7467004073606174,6.000243049098518,12.056691353040051,21.226566553976983,9.875883793638398,8,1.0,1
25.722,11.57701999967565,4.9144145120927645,8.2149624505807,4.4531658697325955,6.782475713093664,9.923091147221134,21.261857690052217,11.71529395776619,8,1.0,1
25.782,13.93045824109,8.763440823320215,11.162375609205606,4.639184629651524,6.158337677856956,7.528218177645662,12.266651290302127,6.713177657397885,8,1.0,1
25.842,11.388765593741482,10.013151149633895,10.592471158317958,4.010322130147158,6.287451977029512,11.272424785038995,6.260842617965364,5.59940041897957,8,1.0,1
25.902,9.05778341714642,8.429549130773728,8.736448106730466,3.142034956673349,6.430533393146554,15.52258399201046,10.676419066964085,12.389427011079269,8,1.0,1
25.962,14.501696175543197,9.19811801425949,8.913065030634826,2.3151603232461957,9.119906826711675,22.80890442189658,17.411572035405857,16.857629645155523,8,1.0,1
26.022,21.021637794155165,13.448533781094214,14.073113411555338,4.786937875830269,12.211565193931476,30.39396757241369,20.78542095766321,16.173517300265182,8,1.0,1
26.082,17.184230450897395,13.396977145224497,18.148895048183157,7.134766338271686,8.791863776348327,23.808501041221607,19.465687345853116,12.694030352196487,8,1.0,1
26.142,10.000545175978683,5.982595519802525,14.149777331706893,5.892937390457725,2.452350739472436,13.440515810084671,13.575493056976633,10.738368496024558,8,1.0,1
26.201999999999998,6.565161652241534,-0.006321724519982548,8.054955061204762,3.2211216541522316,-0.4014422679956125,8.67126268491821,8.06279029080324,10.27790329869338,6,0.75,1
26.262,1.8329967507715994,-0.5935319440511811,4.242434673147756,-0.04260369643928286,0.0901123977223417,3.573440583100684,2.72347282787006,5.843578238772335,5,0.625,1
26.322,-2.223673124654501,-0.1586991108862574,1.5762324513487844,-2.301982875730933,0.47309221785610595,-0.7592107750061007,-0.838531646492718,1.323352498754724,0,0.0,0
26.382,-3.002976832636028,-0.3850291835682076,0.5377018375696249,-2.6843325311195723,0.0824211676188944,-1.9330658491000952,-1.5049415589298027,-0.00658310559707638,0,0.0,0
26.442,-3.028691748193662,-0.7962864889312288,-0.05640787130732622,-2.6591981125480895,-0.4213307731148001,-2.2552373100601955,-1.4698225609991458,-0.39749235476667294,0,0.0,0
26.502,-3.1796786045274206,-1.1515641596463193,-0.6485858430649482,-2.7072827410978353,-0.8430128025673925,-2.626841900542218,-1.530723944752318,-0.8545958464691626,0,0.0,0
26.562,-3.375905526931857,-1.449660446631534,-1.1978931591445043,-2.7794587688593158,-1.2053964027733028,-3.000080562920612,-1.6525500167080287,-1.335648055255593,0,0.0,0
26.622,-3.546716245733046,-1.707229594148244,-1.6701812635271693,-2.839372438313283,-1.5223484918758556,-3.3139318492164898,-1.7703210415914488,-1.7603929616486873,0,0.0,0
26.682,-3.6879489147421958,-1.9280855226263405,-2.070587302763962,-2.888443397952836,-1.7948566979887837,-3.5649888454098266,-1.8779289086534845,-2.1247459153466504,0,0.0,0
26.742,-3.8069395038522433,-2.114954913445259,-2.408296552708003,-2.92558434114137,-2.0249600964089,-3.715042487215978,-1.977552650949426,-2.435602410036237,0,0.0,0
26.802,-3.9056056933049548,-2.2684090276737554,-2.6802830916865634,-2.9396419739055335,-2.2160896940860355,-3.7181690306451816,-2.0687638815889042,-2.697491872229568,0,0.0,0
26.862000000000002,-3.9689383118459087,-2.367327912190704,-2.8372081682315904,-2.928327276768972,-2.3617715873593563,-3.6293163413854974,-2.150919804911545,-2.9129045053440614,0,0.0,0
26.922,-3.97482603703155,-2.379716534566211,-2.831500423260867,-2.9079558362586475,-2.429331407746042,-3.544733425609197,-2.223770049461177,-3.0604597764248154,0,0.0,0
26.982,-3.9390547782427485,-2.3290327401482167,-2.7296973348290163,-2.8914034917625613,-2.407697308264355,-3.4937357083107847,-2.287618952608336,-3.0956716031430136,0,0.0,0
27.042,-3.900459183415395,-2.2742335489194887,-2.6356107060852927,-2.879823254737028,-2.3504687598952647,-3.4693913924132413,-2.3431273204328926,-3.037803270401609,0,0.0,0
27.102,-3.873547430702454,-2.238433111441793,-2.5780495154267684,-2.871434042294894,-2.308416651733284,-3.4649336704397826,-2.385797400558918,-2.966576395462244,0,0.0,0
27.162,-3.856146171093032,-2.21869277038186,-2.5490953807930614,-2.8650770494102464,-2.2889980067978395,-3.4764537753975056,-2.4008459956661286,-2.9215063246867525,0,0.0,0
27.222,-3.8454536847681227,-2.2104922820958617,-2.5410397095605624,-2.8602194116972104,-2.286407601793339,-3.5003950760952356,-2.3852012997336103,-2.9004809493264556,0,0.0,0
27.282,-3.8401443867703744,-2.2112035587805288,-2.5490945322295047,-2.8567016823608307,-2.295945079316693,-3.5330915328851957,-2.358602966971604,-2.8964258283673754,0,0.0,0
27.342,-3.8392156108194744,-2.2187942950181374,-2.5693395589824353,-2.8543707030997987,-2.3143976335920056,-3.5713942790589788,-2.336298981577486,-2.9050412110819734,0,0.0,0
27.402,-3.8414662457240447,-2.2314398778397906,-2.598466688476134,-2.8527602338747937,-2.3396465505195025,-3.613191263670304,-2.3195926492830847,-2.9235211372469774,0,0.0,0
27.462,-3.845854007873523,-2.2475613944657256,-2.6336411078564175,-2.8514818124329206,-2.3698799784582154,-3.6567620287144487,-2.3068280126393,-2.9493603669050277,0,0.0,0
27.522,-3.851786608434408,-2.2658423228456024,-2.672320253928428,-2.850551626908,-2.4032448739947507,-3.7003506942480406,-2.297337058104933,-2.9799626170762625,0,0.0,0
27.582,-3.8591209796644814,-2.2852088314933634,-2.7122041397110657,-2.8503974070434026,-2.4371146288633443,-3.742308626808724,-2.2911553170857393,-3.012654828731938,0,0.0,0
27.642,-3.8679110326015707,-2.304804724689218,-2.751351438860134,-2.8515696678135876,-2.4638228998500966,-3.779920301972638,-2.2884544254508072,-3.0450177173323425,0,0.0,0
27.701999999999998,-3.8780459532270832,-2.3239668982506436,-2.788372163655177,-2.8543208380493255,-2.470586992094129,-3.804457440340459,-2.28911294836356,-3.075370684237281,0,0.0,0
27.762,-3.889479287960139,-2.342200863021607,-2.8222094655041112,-2.858885519725534,-2.457925005742601,-3.8059330856411506,-2.293031508868102,-3.102361903854004,0,0.0,0
27.822,-3.902527036473264,-2.3591567299814207,-2.85186490768449,-2.865856605922492,-2.4425340479754065,-3.792091061729916,-2.300512880110054,-3.1244331653596054,0,0.0,0
27.882,-3.917930068191899,-2.3746063224287117,-2.876339460257716,-2.8763482851152915,-2.4368804969808284,-3.781415889604077,-2.3123147908041806,-3.1397502760214913,0,0.0,0
27.942,-3.9370435418136798,-2.388421328991065,-2.894721414643305,-2.892226402106504,-2.4451758844189033,-3.7833026401682335,-2.329806297121053,-3.1464482533957407,0,0.0,0
28.002,-3.9612889712985653,-2.4005520933336215,-2.9064288057055703,-2.9143457638990884,-2.4615066935384773,-3.796614454967981,-2.354671429010321,-3.1432074646933628,0,0.0,0
28.062,-3.9864933737998496,-2.411014303937705,-2.9110818520972277,-2.934060551050098,-2.4606285524637257,-3.8043186030567715,-2.3838409302694887,-3.1290178353320814,0,0.0,0
28.122,-3.9942349820288237,-2.4199052033972515,-2.908227381489718,-2.9304623818939306,-2.421697474746037,-3.782626573053724,-2.3977161898129733,-3.1026147874487484,0,0.0,0
28.182,-3.9701020769627093,-2.4273822744444384,-2.8972988690752035,-2.895613251842566,-2.3500646889959755,-3.72854696101424,-2.3747410288270183,-3.062422957337868,0,0.0,0
28.242,-3.9229924882553373,-2.433185781188237,-2.8777066909612574,-2.841319513238631,-2.2548399788589184,-3.6522959230000542,-2.320392725773434,-3.0067783991660533,0,0.0,0
28.302,-3.865168064799674,-2.4359113814771365,-2.8491374559771594,-2.775611063312038,-2.1363517093835136,-3.557073338679839,-2.2507477617323604,-2.9346015234308447,0,0.0,0
28.362000000000002,-3.798659355128454,-2.434961231356636,-2.8115464857389583,-2.6986308811452715,-1.9931394924443993,-3.4420288947131374,-2.1701256880056135,-2.845397165259161,0,0.0,0
28.422,-3.7223565252542077,-2.4324370784916245,-2.7649128633999625,-2.6092911476907843,-1.8241848739391469,-3.3062683161171056,-2.0774597980793295,-2.7387335292467996,0,0.0,0
28.482,-3.635533953369869,-2.430412898134188,-2.709228131847361,-2.5069772690590235,-1.628764932712998,-3.149256406574382,-1.9718533169673658,-2.6142268744082924,0,0.0,0
28.542,-3.537936212799329,-2.42920583202392,-2.644609845251921,-2.3914597951162917,-1.4066242761555492,-2.970859212865203,-1.8530437184884052,-2.4717953861617485,0,0.0,0
28.602,-3.430039077623297,-2.4285979437089225,-2.571651671666021,-2.263356265119267,-1.1591458350035806,-2.7722326208900836,-1.7216700111469976,-2.312426055835822,0,0.0,0
28.662,-3.313211572635698,-2.4284358633668934,-2.491547167250691,-2.1243536377691914,-0.889787075780177,-2.556173250887522,-1.579439105431118,-2.1384464981672635,0,0.0,0
28.722,-3.189452386689588,-2.4286222712269527,-2.405896393665936,-1.976886337528865,-0.6034358102761885,-2.326609295696487,-1.4288078656431396,-1.9531042014138909,0,0.0,0
28.782,-3.061407628349308,-2.4290734484242713,-2.3167155083463906,-1.8241541869242426,-0.3064420677212935,-2.0886276566541926,-1.2730078107042095,-1.7605867836264701,0,0.0,0
28.842,-2.9325707278959574,-2.429714887449822,-2.226575351592216,-1.6703607732469614,-0.00708178970695901,-1.8488450905486264,-1.1162883460084159,-1.5663223818890684,0,0.0,0
28.902,-2.8078177461462768,-2.430483237521163,-2.138971184718047,-1.5213518153434846,0.28320391916851606,-1.616398283284796,-0.9645654536992221,-1.3777830013766703,0,0.0,0
28.962,-2.6937344797914053,-2.431326081284777,-2.0585495541341357,-1.385005329889955,0.5490508023416016,-1.4035498398425055,-0.8258184975951401,-1.2049761356419566,0,0.0,0
29.022,-2.5983854615063686,-2.4322008668296733,-1.9909516812368369,-1.270956715407337,0.771702958261776,-1.2252651828053336,-0.709811682678872,-1.0601006337099383,0,0.0,0
29.082,-2.5312837729827105,-2.4330738005787023,-1.942795111686314,-1.1905632309677907,0.9290799661151841,-1.099159909972448,-0.6280584333049396,-0.9575037269314152,0,0.0,0
29.142,-2.503453863831617,-2.433918753810413,-1.921719149767499,-1.1569792662261575,0.9956292902123431,-1.0456185777064098,-0.5938983621189011,-0.9137771413560641,0,0.0,0
29.201999999999998,-2.5274683413290044,-2.434716173141053,-1.9364128495791102,-1.1852007386740713,0.942238212143612,-1.0878657575481157,-0.6225425978355216,-0.9478149167819735,0,0.0,0
29.262,-2.6182328499502265,-2.435451994299217,-1.9971619266569158,-1.2930027066416134,0.7344102163360993,-1.253418675671369,-0.7320220121107991,-1.0819998000274778,0,0.0,0
29.322,-2.7987327246186506,-2.4361165529397097,-2.1198084496402716,-1.5077912378540086,0.3189716259090867,-1.5846884627232527,-0.9501362714712632,-1.3508274065481876,0,0.0,0
29.382,-3.1025091178540527,-2.436703862035374,-2.327397002378141,-1.8695350993518984,-0.3815709932264813,-2.1435163577324285,-1.3174724317272852,-1.8045246279999432,0,0.0,0
29.442,-3.490013464398274,-2.4372123283216114,-2.592479992299701,-2.3310091152410544,-1.2754469345999861,-2.856853246576826,-1.7863007256128798,-2.383407426094649,0,0.0,0
29.502,-3.658785100768943,-2.437643595502775,-2.7069994115107705,-2.531688964824151,-1.6634619695330308,-3.1669807531750753,-1.9908041421933695,-2.6340717865813335,0,0.0,0
29.562,-3.277556479210934,-2.4379788932766355,-2.4440126622401612,-2.077044765620401,-0.7811755485314174,-2.463502721346399,-1.5298913939201757,-2.0614937805485254,0,0.0,0
29.622,-2.4103420172876215,-2.438143897518676,-1.847840996748342,-1.0435116544156273,1.2229542719267685,-0.8644519009501974,-0.4807016956206424,-0.7622487399689768,0,0.0,0
29.682,-1.2065759449733786,-2.4381144774444725,-1.020433155702719,0.39104423277476413,4.004608321376293,1.3552399450169574,0.9758664618030776,1.0408681376857973,1,0.125,0
29.742,0.2883874893497376,-2.43801859749439,0.00744859435996111,2.1727039105930026,7.459544591903279,4.11221177152978,2.784822877445895,3.280541301321644,5,0.625,1
29.802,1.0731902050419213,-2.4379827430796386,0.5471388859439246,3.108024032306344,9.273350965050033,5.559659027284272,3.7345186041402165,4.456351817742903,5,0.625,1
