t_center,z_mean_emg1,z_mean_emg2,z_mean_emg3,z_mean_emg4,z_mean_emg5,z_mean_emg6,z_mean_emg7,z_mean_emg8,avg,consensus
0.11699999999999999,-2.27225330280183,-1.9351456322412288,-2.3167480395572775,-2.1944128832223133,-1.4673443174662237,-0.5889333766337445,-2.684640200133313,-2.089942537091568,0.0,0
0.177,-2.0886816093053095,-1.6692412568745005,-1.59602308396094,-1.0111656268860705,0.4162137114263595,1.6284822080270562,-0.6346049040529996,-1.4614773960156817,0.0,0
0.237,-1.7146541541910254,-1.6699303652556206,-1.0416952958113772,-0.35943658350273083,1.3938389469462784,2.5946957398165975,0.19860474848515752,-1.203461442142525,0.0,0
0.297,-1.2747780962599096,-1.473155540242465,-0.5110732147355562,0.21935447599362676,1.5317745600388062,2.4008492225042635,0.3286826619300983,-0.8559848903719637,0.0,0
0.357,-1.2910237652513652,-1.2805742849093524,-0.5838336433612973,0.2704246425403583,1.0167396987473587,1.2368270559743826,-0.3873458617554857,-0.8260495824004116,0.0,0
0.417,-1.7821799275097694,-1.684185111132072,-1.5245866422205714,-0.749115162709023,0.1289431579507129,-0.39622615138524925,-2.1958340481282055,-1.5677624041971203,0.0,0
0.477,-1.701214368486826,-1.8535358552624863,-2.1227648975890143,-1.618226870297425,0.07543948051925457,-0.6202789840844453,-2.3866444868933354,-1.5200046364654642,0.0,0
0.5369999999999999,-0.9623203668028113,-1.6252710252577012,-2.1469613231888625,-1.9267992218275827,-0.13468346639094067,-0.1803583096701095,-1.5127761545277858,-0.7356099580330193,0.0,0
0.597,-0.8952068649390427,-1.7217584716752234,-1.9170798514620238,-1.794841800237595,-1.2241675422313225,-0.8617037009551253,-2.2023689293869655,-0.7531801081708744,0.0,0
0.657,-1.3447274278817194,-1.6625071111165568,-0.6981133722138533,-0.7232262994045979,-1.488051165770976,-1.4331189418855637,-3.1600630928957734,-1.3731292999764741,0.0,0
0.7170000000000001,-0.946443169236144,-0.6810377501254385,1.608233011863284,1.0800753023772616,-0.5305453101357925,-0.5973985113852244,-2.309821524037582,-1.3063542024404804,0.0,0
0.7769999999999999,-0.13047632102924833,0.35334548222345014,1.875177991390296,1.5136984360751784,-0.1917369796569975,0.1204196523417269,-0.7308472156679203,-0.1721554598490437,0.0,0
0.837,0.5043318818150176,0.4547975814287697,0.05201852932226636,0.7005538214114767,-0.430255503161824,0.30771765633200693,0.0727302587324449,0.9185086165688959,0.0,0
0.897,1.5433795702143964,0.5091457497322395,-0.053606706792523016,0.12449280285721535,-0.3115923800105026,0.2830071804764755,0.4309662413888482,1.212218769160873,0.0,0
0.9570000000000001,2.98132692099524,1.3976985357273308,1.7246113956781866,0.2631384793916941,0.11823199986987365,0.12796217499608287,1.5367815748726261,1.5626811046071396,0.0,0
1.017,2.9080174172103614,1.3869055388136056,2.155980426507651,1.061794061614888,1.041532711765108,0.2920539027738997,2.301489448307238,1.9854481040608751,0.0,0
1.077,1.4939208768225818,0.39031622729489585,0.5986003541401758,1.413143054646011,1.6188945500518115,0.5023054089536474,1.4198919099313987,1.9235664140774302,0.0,0
1.137,1.0377640871363558,0.6876748045684445,0.3576097564169754,1.3096777040073524,1.5195559679037343,0.8887814250551496,0.43658291731735993,1.7486932791631842,0.0,0
1.197,0.6505150203791135,1.2196145457428882,1.2455755700727809,0.9977376594802352,0.7394831976395739,0.76885869541319,-0.05653355106156346,1.3750894010655097,0.0,0
1.2570000000000001,-0.07218798542572437,0.6690538644484535,0.7510539418029332,0.15543137069671883,-0.2653874255058555,0.7684417808383072,0.31033812500398505,1.3152621642602356,0.0,0
1.3170000000000002,1.7118294714886992,1.6191716146408155,1.2231613804484824,-0.06456333951762082,0.6937874064110923,2.7672883654066216,3.3264463651219818,3.392635374363026,0.0,0
1.377,3.8115440713701934,3.325072477675935,2.8598006560836304,1.0432294403997313,3.4847341339081908,4.507196568745909,5.283262816826271,4.717853526052022,3.6290867113827354,1
1.4369999999999998,2.1884501913286036,1.8819970244046393,1.8006530499544915,1.463149349537389,4.4638916545251766,3.4955659483541948,2.4089764206832087,2.2824414821227577,0.0,0
1.4969999999999999,-0.15946096048780034,-0.41541325731377593,0.258531871491499,0.85358951809381,2.021777676505033,0.8462645727786261,-0.7222655023973309,-0.13146167447392176,0.0,0
1.557,-0.9844438875465796,-1.040632526758838,-0.05375567256116292,0.5824419845865699,-0.4144969470397701,-0.8062002523203393,-1.4755568986873258,-1.0022792664069327,0.0,0
1.617,-0.994212038076777,-1.240115726670693,-0.39215153902923,0.9942460684989495,-0.7365830025130785,-0.9634120167392671,-1.1774265214510484,-0.9358570431044823,0.0,0
1.677,-0.050253933657535055,-1.0391665732184623,-0.01790288503880949,1.4639706649787587,0.11012167444037906,-0.252631614409849,-0.1662596672837867,0.6449743109074562,0.0,0
1.737,0.9211769801112496,-0.5207160071438257,0.24887208594163668,1.328329184254856,1.4390511429904158,1.589098654104436,0.6443984904637924,1.8639864879859838,0.0,0
1.7970000000000002,0.7291649552648382,-0.2670515765001716,0.07064612572357488,0.8711606847291211,2.5272280339940445,2.5736203575219023,0.3388085721724061,1.22253869524999,0.0,0
1.857,0.0776849588929865,-0.0058895003244647205,0.9218286460995588,1.0315134116658762,2.751442032231875,1.8791220092161496,0.15405096309678423,0.5373001638240139,0.0,0
1.917,-0.01819137409770594,-0.085700930364631,2.2190664252610603,2.063509178368662,2.786351517353674,1.2753287739664718,0.3721843569588909,0.30847811502169115,0.0,0
1.9769999999999999,0.10616674359839207,-0.31268295138198343,2.1489901756766745,2.1324644275945115,1.9059250453058116,0.26322111237434337,0.28628533679260204,-0.45701649840952036,0.0,0
2.037,0.7520731540742615,0.5243440661173522,1.2964920046335329,0.6375747285424586,-0.2244494860588279,-1.0541807293774335,0.2632528306531021,-0.4988031555565684,0.0,0
2.097,1.717658576300112,1.6350294030881452,1.1537820357128743,0.07320243756162226,-0.988322290989264,-1.260060704226074,0.37373347707285337,0.37975885045619107,0.0,0
2.157,3.0968811999303303,2.850530890908731,3.2326831504626554,2.498743064482931,0.392785622003474,-0.45712186976470476,1.8482504481958746,2.168126638223366,0.0,0
2.2169999999999996,4.592735667179699,4.288247694410688,5.542754736956758,5.016493780262831,1.9387507049387562,1.0876985633330543,4.324923180097724,4.275028530770469,3.883329107243748,1
2.277,3.519244091018672,4.472601112972579,4.774697786830964,3.312582034186446,1.7129356756761271,1.8993445804486806,5.340734997296071,3.99260966210659,3.628093742567016,1
2.3369999999999997,1.9030466424915815,3.1290469769232505,2.336688406204762,0.2339198405528724,0.8255139716094355,1.0641737044415402,3.6087050465684194,2.0181381463704873,0.0,0
2.3970000000000002,1.708448791023276,0.9084422344382935,0.5273801173620208,-0.8116894463233967,0.10750776064134858,-0.30834408901249416,0.5527469877939715,0.5769355634252065,0.0,0
2.457,1.2814497104750513,-0.7201063041761327,0.18374372049440876,-0.8999045260641726,-0.9187523551596084,-1.3331079947305307,-1.427137522284002,-0.07010155470094294,0.0,0
2.5170000000000003,0.6166230304147433,-1.066310389551725,0.08920703737990567,-0.6362694152083722,-1.284593367089882,-1.7982759268637842,-2.2691655974603244,-0.3920670185716615,0.0,0
2.577,0.6441800642612611,-0.0707967790943211,0.27409455138564104,-0.4188499448042897,-0.9736294619878296,-1.5581622367163857,-2.01580692407573,-0.21794896388095222,0.0,0
2.637,2.00952569276572,1.6681468123498426,1.6512085495617805,0.019218603522015265,0.07282361894346129,0.018944402253944153,0.2899607217528187,1.2926655422680173,0.0,0
2.697,2.7728849601205767,1.3834514072874278,1.5455541316881005,1.0364643529128805,1.8201702030802471,1.6278190281146125,2.3724054870075064,2.876621056880887,0.0,0
2.7569999999999997,1.4212339511825063,-0.5320169124676072,-0.03284576437102943,1.1158679346545002,2.4818910851639457,1.5158473792717915,1.5719854249047556,2.3823102236662206,0.0,0
2.817,-0.3160674134303055,-1.2545975774686673,-0.6445584571181023,-0.653823509880422,1.0339228395079398,0.147189818299394,-0.14211278537283564,0.6445760630415542,0.0,0
2.877,-0.8270376043074016,-0.37019908143072056,-0.6622753902870908,-2.242921895391035,-0.703786190043442,-0.987637486458714,-0.11318435436881095,-0.14785999836142502,0.0,0
2.9370000000000003,-0.9622005162178192,0.44369177418272393,-0.5678331184642983,-2.252976153367957,-1.5648615183239036,-1.0227300877574188,0.8775891472624698,-0.07641563192646621,0.0,0
2.997,-1.1739504999091679,0.6985745184148208,0.19523059535952383,-1.8467235092959546,-1.921383209343257,-0.946899295494021,0.3318386515136244,-0.08659456886569074,0.0,0
3.057,-0.4708402172949928,1.4529250845388582,1.642462156495803,-1.1262834680174778,-1.5386159779589443,-1.043797201014649,-0.5188289271621306,0.26393857825351813,0.0,0
3.117,0.8466075482138158,2.2632867339405056,3.138732683767797,0.7002903128427591,-0.44249498802471204,-0.6571988599332778,-0.06468546256198558,0.9546239265101911,0.0,0
3.177,1.5752863450446597,2.2215731372400422,3.0594410179783176,1.3964872013353835,0.156970133969036,-0.2922996559816476,0.3399758319275727,0.9964736129803007,0.0,0
3.237,1.522878072688413,2.4057579175237733,2.1794931771279735,0.1537586344436705,-0.3679360747964259,-0.4766381708048177,-0.02277404262541501,0.42747065738440987,0.0,0
3.2969999999999997,0.8111363853991415,2.349609600349615,1.118154060269924,-1.1424221774465713,-1.3647612847601485,-0.9032220335945035,-0.25615945817025326,0.019362266344742404,0.0,0
3.357,0.03534001244326997,1.0060409798431358,-0.7999242580017881,-1.9310905142180381,-2.048576667067984,-0.9987996299552925,0.13132531279850962,-0.21943766332799156,0.0,0
3.417,-0.11629794649986902,-0.2063582264661804,-1.6236534033631775,-2.108102774638645,-1.6549461512635961,-0.6181055670292874,-0.22153211114553373,-0.713520901216894,0.0,0
3.4770000000000003,-0.3632219584092596,-0.7139718254410274,-0.893421773199231,-1.3758452881554455,-0.3519813652552735,0.0076292959893141015,-1.2316248374827652,-1.15883298686989,0.0,0
3.537,-0.5134257089073718,-0.8449374821169165,-0.1515208579852775,0.2985988015880973,0.8729572074465217,0.39544747955218895,-1.2482930980160007,-1.0263542555438547,0.0,0
3.597,-0.25355776722124873,-0.8248259466778424,-0.5398524469663295,0.648715034729955,1.0557738654767705,0.4195323056624163,-0.2148181174023427,-0.7061488221244373,0.0,0
3.657,-0.5127823314549625,-0.9409233859118565,-1.2164800935762898,-0.8236187851410901,0.6349261416335809,0.8193086558009944,0.30351385362413724,-0.9235581847935048,0.0,0
3.7169999999999996,-1.2212154289967947,-1.420495354604179,-1.1019195714305468,-1.289189386819721,0.21670554789569704,1.2172642242004723,-0.6462599848971927,-1.3960607285598743,0.0,0
3.777,-1.4366157612778379,-1.5362700760635397,-0.8144470505389091,0.21352464793722695,0.11698302859098768,0.6255098197985504,-1.245402939042552,-0.8729841244526098,0.0,0
3.8369999999999997,-1.176799740642668,-1.0235313500899472,-0.9829010990868103,1.330954995998973,0.3526297732389883,-0.39640352334323675,-1.3468525685697823,-0.2907309449742283,0.0,0
3.8970000000000002,-0.9182119227166575,-0.5832054560368709,-1.1775968594298643,0.7946715020060083,0.28221224545560825,-0.8980866426363838,-1.8874334220569118,-0.7302813665857335,0.0,0
3.957,-0.4285711626800577,0.12342207930686483,-0.5528040854688361,0.37890681864090675,-0.008772659231902222,-0.6786957020635024,-1.3456279227716028,-0.6666315559379338,0.0,0
4.017,-0.10298354317410842,0.7201490094174341,0.1559273067032351,0.44617347131852264,-0.4719224003924347,-0.6264740942248724,-0.9065209272790855,-0.20000577931706998,0.0,0
4.077,-0.4262336585305491,0.3406506798338762,-0.4797530716289555,0.01019716979508197,-1.0552161659440003,-1.0919745541496049,-1.6811150291884498,-0.41138168256504487,0.0,0
4.1370000000000005,-0.7034699397018097,-0.3135522999695353,-1.426835796925553,-0.9045501540576262,-1.3502145202563163,-1.4628870234852627,-2.1422295062771055,-0.8577852604982198,0.0,0
4.197,-0.826766011354266,-0.43998488955525117,-1.1043679963462094,-1.5077536029222092,-1.2637003823422501,-1.6748830323843273,-1.9287528604810735,-0.7549687702478942,0.0,0
4.257,-0.9058700201399179,0.041792645860516266,-0.18012997634800143,-0.7859824855918411,-0.9256620951274731,-1.4273273350236695,-1.34441398148428,-0.10809047959359037,0.0,0
4.317,-0.8701303803652314,-0.05221082133584678,-0.4108043142531907,0.6061803674863006,-0.5010453177497799,-0.859764031721884,-0.829827927104067,0.005975026713524678,0.0,0
4.377000000000001,-0.8547034963524746,-0.6780855179672275,-1.4128161199525608,0.5750035842970425,-0.01746738058567938,-0.195465488166969,-0.12011877442856052,-0.45294101864728414,0.0,0
4.436999999999999,-0.765049558268553,-0.45159260275899205,-1.4129612946478671,-0.10858959325784112,0.8191552150078886,1.2044210394819757,1.283210459169677,-0.4746682975692598,0.0,0
4.497,-0.13913847491632597,0.06735498483757997,-0.8038403919023809,-0.3577072631355436,1.2584327195513942,2.386127488355853,1.853722333964827,0.12421539229605023,0.0,0
4.557,1.1293305181743813,0.4156081489663584,0.22105723123331492,-0.27176941851710595,0.7361636588226653,2.1524974265763475,0.4785925121964055,0.8924276415521066,0.0,0
4.617,2.2173521308946946,1.4883369918864942,1.8263340967733628,0.09607944014889679,0.2546473957790708,1.6101819450926225,1.0238526024732597,1.8835683212948247,0.0,0
4.677,1.9805690726178655,2.2703476498248896,2.464810797572462,0.1971335603001171,-0.3934453920213025,0.9245455972479983,3.803716908873064,2.4855731850396103,0.0,0
4.737,1.3113568509675562,2.044977041574453,2.0950562902812253,-0.5684734570654489,-1.604804906449316,-0.4089213204211448,3.8411725443731153,2.38338456816117,0.0,0
4.797000000000001,0.8571329585520399,1.3074926937512432,1.2835580717261188,-1.6333684255480543,-1.9702370397814917,-0.9307197597688529,1.412133233668263,1.8546487906532916,0.0,0
4.856999999999999,0.6117210825788356,0.152791790035486,0.2858296839497753,-1.7799861715961829,-1.3730588296685997,-0.3480917652440822,0.06555316399591875,1.5002880430764216,0.0,0
4.917,1.0856618347565912,-0.0037460370315331635,-0.0976553195541292,-1.2764328923228725,-0.7809811864091364,0.28847990828833353,0.7591545784877266,1.7465248026565305,0.0,0
4.977,1.9276717107011712,1.306573998425971,0.37147963931921546,-0.7795405302007808,-0.46780819676620067,0.8118314843458498,1.6061661507542266,1.8929774802257893,0.0,0
5.037,1.450774239503972,1.381976647243927,0.38307943074412126,-0.2918238567502858,-0.4281857738303969,0.9837059356945569,1.1116345696929553,0.8666872766532633,0.0,0
5.0969999999999995,-0.34797990622190805,-0.07456011210118879,-0.14256584772182213,0.0490414250068869,-0.49319429512331164,0.22993230431060283,-0.30245683735502854,-0.743087969522341,0.0,0
5.157,-0.8535539070465915,-0.2887951397203699,0.30161610581248993,0.34660627277709555,-0.6276578844908924,-0.2475350835653206,-1.4583236864799707,-1.0861837255445776,0.0,0
5.2170000000000005,0.5202978799278969,1.4751725430600242,2.4638265659116545,1.5900337842597618,-0.2977046136232771,0.3603099879239569,-1.9095675611614944,-0.3019474884693839,0.0,0
5.277,2.0103516922967977,2.7672481718378585,4.33148799944563,3.279781961775902,0.7713844110768057,0.6200255641975299,-1.28272679451832,0.8330507547384486,0.0,0
5.337,1.6743667676034086,1.6030601050126343,3.0067685953503367,3.020845529717842,1.2061683934589602,0.3338652526503947,-0.4415839229005017,1.104892122157958,0.0,0
5.397,0.677423296148405,0.3503537689307658,1.225656553116122,1.2142282968844282,0.2980964203822851,-0.1494430600289756,-0.5462825845931139,0.8287000856825925,0.0,0
5.457,1.072829725650063,0.8742118885034892,1.558722853585385,-0.13375893086107296,-0.6875300330368428,-0.6935424903795097,-0.5198663656267816,1.2369383066892576,0.0,0
5.5169999999999995,1.0708357519298337,1.6721937974911583,1.546322392284183,-1.302134254327024,-1.0191411826993073,-0.9434488862265011,-0.12304370791072994,1.1234253212713594,0.0,0
5.577,0.12901109010028147,2.36859614621447,1.134487491869619,-1.7257251075453688,-0.745558623033566,-0.7223074917562581,0.4472035139496862,0.696340113175649,0.0,0
5.6370000000000005,0.9221004845515757,2.914925589281252,2.0430533276505924,-0.4121107502108256,0.06902448101890406,0.36370369809275854,2.5645842747299885,1.8352596425906664,0.0,0
5.697,2.209534932811002,2.1550173321839856,2.862867226515904,1.280216665967376,0.4582381398927451,0.9196145462184346,4.24807117087557,3.045275271391912,0.0,0
5.757,0.8768568422420923,0.6262949986104428,2.3668729432876745,1.1963804687675026,-0.4504268972228076,-0.31567684061134954,2.9587964842182415,2.139704353997167,0.0,0
5.817,-1.4838851013981955,-0.4819706534982246,0.9195069817759389,-0.12489639972621853,-1.41302656290589,-1.4062525036496778,0.8706801168878612,0.6651933412073455,0.0,0
5.877000000000001,-1.7779308612709412,-0.7180808201324735,0.03025963702527108,-0.6896138643676079,-1.597252124784876,-1.2013401606006744,-0.4942994480963821,-0.06696148762411748,0.0,0
5.936999999999999,-0.7635494406904093,-0.36988703099187803,-0.05884508535174926,-0.5333235907232216,-1.5081499860229304,-0.8812635951839605,-1.1676113450344505,-0.504324426209911,0.0,0
5.997,-0.46851764860666734,-0.024546060878249575,-0.638927627493627,0.14052348896510633,-0.8725936203560746,-1.0465700498284858,-1.4793627496555068,-0.6977232298449959,0.0,0
6.057,0.10246954859496332,0.08492419143362628,-0.9808212710365614,1.1692302110671953,-0.09776470194686643,-0.8504247966831119,-0.5606881962054258,0.5873754811444668,0.0,0
6.117,1.6099165360072545,0.3605512137931597,0.32057042498001986,2.3528313745310045,0.6574557780919774,0.08521734652057082,1.3983495995625301,2.9977055730360704,0.0,0
6.177,2.5545279001052976,1.1791317204320815,1.73951689375681,2.7377799655085373,1.3797777531677051,0.5410117449563677,1.4124358771025047,3.862049416441644,0.0,0
6.237,2.011980109703356,1.3290263542949103,1.7171213954047928,1.3510485717501284,0.3450965836634227,0.0428416362350574,0.5310269826854317,3.003509883868208,0.0,0
6.297000000000001,-0.030148482970101382,0.41077315690329863,0.7960278336385774,-0.10887418918903309,-0.8958023931984255,-0.23605285718178992,0.6308525168480749,1.4201831303431656,0.0,0
6.356999999999999,-1.399249059359196,-0.3640176475782421,-0.39007517837278965,-0.25931122327516515,-0.1589699081565854,0.04015720709931803,1.2493000066855402,0.21422640016172334,0.0,0
6.417,-0.9787945191175722,-0.7902765315997134,-1.0290808788833685,0.15713030035042747,0.1918266375550477,-0.27334606416037305,1.0499639152055422,-0.4580283929640154,0.0,0
6.477,-0.16065708067054651,-0.7645869701186325,-0.5650713612531447,0.031991805354465344,-0.8138095274780138,-0.8471116826356412,0.7473727289445665,-0.5190146247975752,0.0,0
6.537,0.7769457857758878,-0.3147487238157586,0.7419755794817914,-0.24606386473909622,-1.7087236043481624,-1.1641715530667571,1.1137867089111215,0.4391599300039985,0.0,0
6.5969999999999995,1.191654373410796,-0.3153357253048823,0.7999466657691107,-0.7803686275859755,-2.209369493378984,-1.327556982420435,0.28417369916309726,1.0349461305799135,0.0,0
6.657,0.23069919329168995,-0.8178972072009302,-0.28975083496618004,-1.5721004417894366,-2.349876902968221,-1.0898266459964794,0.0017396700602387478,0.8232831719212289,0.0,0
6.7170000000000005,-0.7104771881786833,-0.8350366062250164,-0.11561102774020636,-1.63511280663975,-2.1405342707084953,-1.205982957629521,1.290713383278302,0.649855533160667,0.0,0
6.777,0.21714223205678226,0.38945658115791065,1.3323829509848466,-1.4240627609272545,-1.735352707978742,-1.7895117347067628,0.45889229442183604,0.6278590473481742,0.0,0
6.837,1.4724065440688603,1.3870973417753654,1.8093849237641617,-1.8440576298736182,-1.5234921803959807,-2.130602900360142,-1.9537334247767157,0.4231522587437437,0.0,0
6.897,1.0137728061257982,0.48873363597573993,0.4553648163999875,-2.151217634782513,-1.672775928888283,-1.8985069626649234,-2.8201854007604403,-0.4649506225804299,0.0,0
6.957,0.3938239147806291,-0.16906798651677502,-0.23143563670832476,-1.3810173665806615,-1.885194541512024,-1.3600777891747358,-2.5815702243668732,-1.2653037161854037,0.0,0
7.0169999999999995,0.438577011803166,0.2262332542578296,0.029384880276347294,-0.4024490857855063,-1.6512502300505263,-0.9394016010865744,-1.6613526983405233,-0.9140969521695106,0.0,0
7.077,0.57681817247839,-0.11463525937754948,-0.3850869992083222,-0.6877538865936642,-1.0433320054795205,-0.6084437987509299,-0.696562248124558,-0.11902781870285706,0.0,0
7.1370000000000005,0.4697369835139462,-0.8497542245734789,-0.913136133367673,-1.3249135865366448,-0.9713716688099167,-0.4530239930492274,-0.8013052047035293,0.06196433731511416,0.0,0
7.197,0.4262868800096144,-0.7138280809576317,-0.5002693173758366,-1.0704829677734546,-1.0127318486783288,0.0020648457345705715,-1.0499558233651702,-0.11003602007895123,0.0,0
7.257,0.22225200899077802,-0.46085686791553054,-0.3907172482355916,-1.247940141550498,-0.7216391109490697,0.9234743712471879,-0.7091962646689819,-0.09107942664436404,0.0,0
7.317,-0.19953689267263017,-0.4112928786627348,-0.888017451910045,-1.8328959537308478,-0.6080771908739364,1.1037386844022683,-0.447944679564199,-0.3855715651363178,0.0,0
7.377000000000001,0.5890132405040835,0.4553632191952621,0.21341171527287126,-1.2722483833294518,-0.1472828456123336,0.8120988683635747,-0.11847634040199397,-0.5369871596610082,0.0,0
7.436999999999999,1.3388539291205657,0.8810020360919132,1.6178382729623706,-0.25226101606717377,0.8065601974524976,0.8278289934618108,0.6723026444890122,0.11610801367391343,0.0,0
7.497,0.4764370399269074,-0.05926811701607152,1.2279787383035015,-0.36238470481999124,0.47201141189054113,0.21095476805580052,1.2530653881514626,0.7163957641091115,0.0,0
7.557,-0.3328539719720899,-0.8987441311386868,-0.03477499344464705,-1.2002027136010223,-0.9279053246600979,-0.7170751898115681,1.0469128495833169,0.7652294760346656,0.0,0
7.617,-0.17864280840985594,-0.9320765851501,-0.7430774051302182,-1.554480089036639,-1.1545191180239767,-0.5428774474667489,0.9068104430454736,0.7446868972151989,0.0,0
7.677,0.008403711970792357,-0.6268339904924385,0.02933976308011819,-0.8289959950483641,-0.04655321575482829,0.01606126769496968,0.3085889650496512,0.1275862208200322,0.0,0
7.737,0.25259182618052795,-0.6045454057097378,0.9820300399967342,0.4324233807987709,1.1318029463994024,0.5882367359933204,-0.21894910420295313,-0.5860456350095661,0.0,0
7.797000000000001,0.31563551579893606,-0.781964339709754,1.185628958197815,1.2181390302486002,1.6327678557425525,1.7333178109428309,0.6144135361871496,-0.2634910000748579,0.0,0
7.856999999999999,0.1720967015075009,-0.7655627474740854,0.5041575171796449,0.9006428563099367,0.896723772942507,1.7634645521579104,1.1576743803547567,0.30443737657291786,0.0,0
7.917,0.41884322643897637,-0.8843621156989148,-0.8719985626767105,-0.6103532991352393,-0.8131568702942453,0.31813820595148873,1.058174489292146,0.4340948533534577,0.0,0
7.977,0.5724868728644867,-0.9214258453836793,-1.5620643188613323,-1.6074540917350155,-1.6754519641959824,-0.29104334461371606,1.2654501058199055,0.6499113851531314,0.0,0
8.037,0.7888873771418456,-0.5047098000704036,-1.3987557842056513,-1.6602783992399794,-0.9029629435982831,0.1483504232061126,1.9865144741987557,1.6028314740375869,0.0,0
8.097,1.1572798812321012,-0.4130192516040884,-1.0594886526186573,-1.69690597809703,0.10021574661966816,0.1736028794283245,1.976817138564071,2.324115877865179,0.0,0
8.157,0.5286312124069878,-1.1414711968861695,-1.2427034682943672,-1.6680343552570467,-0.09353502077423337,-0.9043241655308755,-0.16647603214740667,1.1929728657019008,0.0,0
8.217,-0.5840601423806853,-1.1904261817407908,-1.334640353000039,-1.6181074695147117,-0.895948803503413,-1.6083350095124267,-2.014594832157075,-0.5100922700933403,0.0,0
8.277000000000001,-0.5574311275798286,0.0039010080687288395,-0.49339655912374697,-0.9846122312456503,-0.5923259488252197,-0.5277155823354741,-1.27265137788463,-0.3128671623775857,0.0,0
8.337,-0.06428674306501446,0.324245046799276,-0.06792151629047583,-0.2375617039451714,0.018979491093682892,0.36225383703600217,-0.2697032912872446,0.31435179519899337,0.0,0
8.397,0.16801232321094564,-0.4395208698423895,-0.42288541949620334,-1.051637839698297,-0.7897861141696483,-0.6497525942884564,-0.35998168246700857,-0.07352650779771586,0.0,0
8.457,-0.11719003288675851,-1.1344039825772179,-0.8307409325005201,-2.3496909258146936,-1.8104131925179836,-1.854238131382269,-0.605727043675267,-0.6640798380674218,0.0,0
8.517,-1.1975133146644392,-1.6468244757436372,-1.6429045019854778,-2.587853783880744,-1.7447944989094133,-1.3452146678746895,-0.9920561340516995,-1.209533753036853,0.0,0
8.577,-1.8109501553120906,-1.5479780380642107,-2.265887868387759,-2.4026731771089485,-0.5452780168196183,0.4576002791879435,-1.8413690993133656,-1.4031238705175955,0.0,0
8.637,-1.6732240320392633,-1.0778409282245143,-2.167828313864386,-2.2576091771680034,0.2394999913230158,1.2698408239724832,-2.319220849159859,-1.4471734704820107,0.0,0
8.697,-0.6725742789870917,-0.48424438728443553,-1.2301109583879906,-1.7556090023441293,-0.10185259017489416,0.4740088312828843,-1.7047955313818088,-1.0515260418756471,0.0,0
8.757,0.4887041386368367,-0.13739730442386175,0.11460573747386127,-0.3776078648427132,-0.427198243539404,-0.29676711093267194,-0.30959271781446723,0.1423411109163208,0.0,0
8.817,0.32975686723625186,-0.5837603045377445,0.08531341710366823,0.6935735666192899,-0.36587508372506733,-0.5193715876070492,0.27202142150490266,0.8205299197643106,0.0,0
8.876999999999999,0.0695381271662373,-1.0789246576382447,-0.9227220029809575,0.36973610927238926,0.2694040700654272,-0.23625337550224776,-0.29530801618227326,0.9295589452432752,0.0,0
8.937000000000001,0.6269460448877274,-0.8747899576897512,-1.2637756902090282,-0.5982525505737013,0.3149991796149901,-0.0040954655465370625,-0.6021099197114268,1.2949127400803702,0.0,0
8.997,0.4501423897121994,-0.27078816535863987,-0.6694055053986417,-1.1093369881468513,-0.554392253694853,-0.6019384339922549,-0.7909639315844098,0.7262641510400978,0.0,0
9.057,-0.5124574494448425,0.02948401733011925,-0.013336246350586757,-1.1887369306909576,-1.0646351800286404,-1.0803256686350826,-1.102420438681976,-0.39634443562341604,0.0,0
9.117,-1.0170008968238762,-0.39328698532425327,-0.11993869158392574,-1.3803020207884413,-0.971651117427044,-0.9377315678921346,-1.8497773456908282,-0.9367710166720052,0.0,0
9.177,-0.7461483879584446,-0.4990944765654617,0.41661966480831686,-1.2032291668005657,-0.9943818275766807,-1.026233975554889,-2.071812734439813,-0.700708615573812,0.0,0
9.237,0.5980091436773999,0.5989445246833659,2.055091747544852,-0.17732169583537827,-1.0549133436479856,-0.8495948616852004,-0.7084462668109187,0.964734200136982,0.0,0
9.297,1.3877631421490284,0.9772724288044756,2.7364020164187663,0.8892688104072969,-0.28374630962400094,-0.015350467598054252,0.5718199549586891,1.8018308715830438,0.0,0
9.357,0.41136784625927886,-0.16225149793628416,1.51588359461047,0.6874962207546887,0.4362017546416026,0.28926288765315455,0.5953371576243094,0.6125145184115218,0.0,0
9.417,-0.02632311857570298,-0.29196960598232335,0.4850705124600431,-0.23240566350504357,0.056542952396638646,0.27665987940985814,0.9766767788420728,0.5020970859531774,0.0,0
9.477,0.2160419845963507,0.8035948623504025,0.8590018333084842,-0.3621449359370285,-0.16103556744051392,0.9662461929477852,1.1730102082043297,0.9315289413200852,0.0,0
9.536999999999999,-0.34853157823487635,0.6816050947576632,0.6494380729617352,-0.28509556537014114,-0.020136226856679474,1.0404963887642964,-0.3158488101381165,-0.2574584409558393,0.0,0
9.597,-0.9351638224738874,-0.19895915148132712,0.042727121697603655,-0.10457896305829768,-0.44629370198530777,0.06910140419964485,-1.2048996360144677,-1.4279326034728081,0.0,0
9.657,-0.867727406239537,-0.34682095726478307,0.013901573536480869,0.3761550524940216,-0.18376582406293843,0.05931451770284681,-0.05017005801822011,-1.4590303848528812,0.0,0
9.717,-0.24369384007765307,-0.266618641913312,0.08049559197307002,0.1493185552482059,0.368509732913148,0.49880690562464713,0.9380036673729671,-1.364749629652109,0.0,0
9.777000000000001,-0.05146146542432822,-0.37556675532637457,-0.12877154149546996,-0.7374478058907917,-0.27193537630787784,0.047240194828675953,0.5002880540258176,-1.2206281873268576,0.0,0
9.837,-0.7303899847554914,-0.4418803143440649,-0.42624593757056517,-0.7185196178967322,-1.2621123861722146,-0.6752114928866974,0.08557238251285315,-0.3423612848757364,0.0,0
9.897,-1.0284201552010175,-0.5485415335989078,0.009849547531521211,1.44406833135983,-1.1109269313967978,-0.8279057454684672,-0.27263495652703246,0.34924126327175525,0.0,0
9.957,-0.1711989723360712,-0.4681692769589005,1.6688439314553294,4.28142977485489,0.6725279323255099,0.981797184856137,-0.2689472543758324,0.7939626486461323,0.0,0
10.017,1.506060709173685,0.00023758171583981394,4.1817199275011845,5.507239937644619,2.702916110103408,3.582832574279584,2.0106198156354904,2.3275147778166496,2.727392679233808,1
10.077,2.4593849922509894,0.21149072413421863,3.8301453775914287,3.1986155727488224,2.16158624981126,3.370115832590739,3.4701264770625913,3.3174877649346937,2.7523691238905927,1
10.137,0.9546798639164131,-0.4718584960046878,0.5892787473941553,0.3337205171407698,0.36157088898833983,1.259018178911687,1.1029880924710385,1.5558241575257297,0.0,0
10.197,-1.2145462965207299,-1.4284646910771681,-0.6667092586054547,0.7362120675140339,0.6084169759002785,0.5484406352787675,-1.2117555459867342,-0.5097586474366053,0.0,0
10.257,-1.926106868772571,-1.6215850329500405,0.04497363406339294,1.343395570912353,0.8047001213161313,0.46630944699944815,-1.2469885666977796,-0.6953590995476796,0.0,0
10.317,-1.6566136773684965,-1.099341134700169,0.5311823456510626,0.5773273562664035,-0.1208518026227912,-0.26605385814177135,-1.4763086751573489,-0.4419175159029287,0.0,0
10.376999999999999,-1.1085624903904094,-0.926230519482948,0.41571465435628685,0.7777644372235879,-0.1835813805345293,-0.76825136880391,-1.4989857998619558,-0.6596085742558143,0.0,0
10.437000000000001,-0.9946240804967456,-1.3558036444482646,-0.25406871005346676,1.2021791742279893,-0.3312685180558205,-0.5734665083934063,-0.9208089943933572,-0.7765899495372058,0.0,0
10.497,-0.997877322286883,-1.3415511198850665,-0.6198873136209405,0.17376748543815493,-0.47844478040005467,0.27057120211221936,-1.1683083257366123,-0.7844206814209675,0.0,0
10.557,-0.3870331535749491,-0.5397661505569679,-0.06308172063373986,-0.6315267038101761,0.2940421929777311,0.9001099922190104,-0.9784500323050812,-1.0400374260076022,0.0,0
10.617,0.23555210727824372,-0.21797108928919182,0.30085599844075683,-0.10966619287167949,0.2415391185551915,0.2321698804891615,-1.0578594469420013,-1.207326849073891,0.0,0
10.677,0.10202979738481144,-0.35306236554083154,0.6440042825094823,1.1003754977313551,-0.42520127022712667,-0.8145674857902087,-2.262574173320035,-1.2746321739025797,0.0,0
10.737,-0.5076197214687804,-0.18981494370633933,1.5638273914171856,1.8057344221781462,0.14837858538149007,-0.4994637322318265,-2.91349605834292,-1.4410939500813538,0.0,0
10.797,-0.3191039290146176,0.052324754432345154,1.6836955607913104,0.5027297649993707,1.031914132383709,0.7991257991404702,-2.50812156518913,-1.3240448496414077,0.0,0
10.857,0.2902461152904094,-0.06870513701416263,1.1884416683330643,-0.3641778075691775,0.9529819871242564,1.6688125331055,-1.2660611129452546,-0.8155530602167239,0.0,0
10.917,-0.05923530561272506,-0.9625830104613663,1.4955348460408013,1.6762311253901696,2.258656694991814,2.851632720562239,0.6295743123470934,-0.7440915886835763,0.0,0
10.977,-0.5521904478875188,-1.7624406553132994,1.2507669489218918,2.950867937281629,4.1397859630021125,3.7562485238146013,1.9200485990541127,-1.1255499192370613,0.0,0
11.036999999999999,-0.43617645740971817,-1.591423569672987,0.2857044078871626,1.6021645852294337,3.6664308688568856,2.71324654773291,0.9831273675802206,-0.9482675108965383,0.0,0
11.097,0.349946408933357,-0.17871482263471503,2.482725659295377,3.0391589595195185,4.220398272622133,2.3801322568035137,0.19878552702642296,0.13929498993735664,0.0,0
11.157,1.2309206283347331,0.9821448334526104,4.970431951810908,4.789292651352904,4.343498182434126,2.4169528518686243,0.8280094451501951,0.7703777141681871,0.0,0
11.217,0.37683263767687863,0.059054349858805234,2.7669364977881514,1.9525484900635888,1.2896273642463818,0.3920263461382325,-0.026487565483561404,-0.2359380335293507,0.0,0
11.277000000000001,-0.8413132983021016,-1.2379625269020988,0.15993319324154512,-0.1457392280918244,0.21490554335144596,-0.9242556836726282,-0.12349463867780153,-1.13998244134593,0.0,0
11.337,-0.30483624702941425,-0.9334541573175988,0.06899733690637087,-0.00866503538785283,1.3657118526490983,-0.2166957172616336,2.027489449733434,-0.5736850971454964,0.0,0
11.397,0.6261635185361574,-0.13072390346434165,-0.06624936120059086,-0.6258303932152318,1.151450864772587,0.3830521438346652,3.4117200078058634,0.8167914903213815,0.0,0
11.457,1.00461493877152,-0.1456289536829949,-0.5600103759768768,-0.9362575707274009,0.15459782836658936,0.6777188008135808,2.427515631001265,1.3540424037603824,0.0,0
11.517,1.2005151196719996,-0.15244884197432787,0.2457721861645151,0.6414003778364147,0.30119885319649803,0.9918541270311834,0.4493530839049613,0.922990314893343,0.0,0
11.577,1.6934075626570397,0.8587143622281167,2.709488198468385,3.7266212786677655,1.7318290353584525,1.3772291272724626,0.5831903067012849,1.2240020549728474,0.0,0
11.637,1.9022811891645934,1.7047709877743207,4.022274356063642,5.080646988965694,2.0575578185319743,1.2594768706737844,1.825012344002779,1.5493522781179758,0.0,0
11.697,1.0696707220388737,1.7360284579263048,2.825376166468935,3.0359856552862508,0.34917529600339187,0.1865795592335815,1.7120914241850214,0.6836144518234551,0.0,0
11.757,0.37363629497139356,2.1493771088399294,1.92338066113246,1.2477959211422884,-0.7380924719827285,-0.5633478799832249,0.15419301579020564,-0.3069879251785302,0.0,0
11.817,0.44181063976157314,2.773626976475273,2.4470797640803363,0.993206013883154,-0.17836265872075305,-0.4091586802641212,-1.2924259386139625,0.05653910481267155,0.0,0
11.876999999999999,0.42227490933286194,1.7085073872725751,2.25131092260528,0.2654773034576308,0.47682340562666775,-0.13783093661291623,-1.5558198603520228,0.7243426438796821,0.0,0
11.937000000000001,0.4660799664768682,0.3394704716772295,1.3525239770145252,-0.14707126777908466,0.6129555330922565,-0.5528494391933795,-0.2522896748033934,1.116510419467543,0.0,0
11.997,1.5953876164287653,0.8882496298863537,1.5809598668949165,0.8658255316388197,0.8902898516390736,-0.4396234449997811,1.3434143028313839,2.1609817582103172,0.0,0
12.057,1.5598212958849353,1.126258429750214,2.948888933564962,1.8070084675860152,1.5137210233639669,0.29993081846022546,0.13398503277220963,1.5111143898289878,0.0,0
12.117,-0.614162654725089,0.46040002022860876,4.0514562717185605,1.3051829361635072,0.7634867704449834,0.002861084358314031,-2.4879599493634843,-0.8703885829361027,0.0,0
12.177,-1.1675217750709541,1.2565296483289388,3.725408657264509,0.15350098116569483,-0.8432969079122324,-0.6665589018122781,-3.316731171589266,-1.7383644788380506,0.0,0
12.237,0.0827063231918141,2.631269162252384,2.800648422135247,0.2755300264235723,-0.7513087904006475,0.2328053846287368,-2.1575893523747287,-1.2242153819935373,0.0,0
12.297,0.16991974694857578,2.3149355921706154,1.9712213092605806,0.6799506308829345,-0.29119216511932033,1.2235743914420467,-0.5738092461973707,-0.88078898388757,0.0,0
12.357,-0.11418033466100867,1.5600713264317578,1.6469515037407938,0.6595852581420166,-0.5326976480433774,0.5585495138431601,-0.13812751617352656,-0.7005599103205681,0.0,0
12.417,0.23288639624784493,1.1299906741355497,1.4145171563009618,0.49290197423794174,-0.19130884774670684,-0.14205540133739034,-1.2722622055006643,-0.7296806381866836,0.0,0
12.477,-0.31327268240493306,-0.09411720775773248,0.46318312297656233,-0.028726016344868013,0.8472262016435937,-0.19179320731613925,-2.7457410850392883,-1.0656321945739504,0.0,0
12.536999999999999,-0.5615869716706006,-0.8376915201610933,-0.08324959099805869,-0.3831499287223033,0.8441961225727644,-0.37837696291577466,-3.088201861703077,-0.9434090823247487,0.0,0
12.597,0.9806881508096881,-0.17766645512196313,0.12915336928664958,0.03430001661645956,-0.3963133921947471,-1.10753977965376,-2.72881904264084,-0.2349635616620179,0.0,0
12.657,2.681888264698198,0.3839335776049459,0.24736442235583764,2.035079364253128,-0.5556077053413206,-1.8077995193058827,-2.4094796666031253,0.4708259755649334,0.0,0
12.717,2.4341220807986805,0.004804543527045975,0.5527158434903768,3.5860727070593374,0.3282624830086504,-1.6499685720506292,-1.7385997550207524,0.28655029924144826,0.0,0
12.777000000000001,0.46791779681201495,-0.7550078980498133,0.8747179651229852,2.5258326225176515,0.36196897898118463,-1.0446566824033134,-0.9993902856243094,-0.6673581964765182,0.0,0
12.837,-1.2872826066226977,-1.492497044058288,0.6590383957650917,1.4335674136832084,0.5421646829399835,-0.5383404566990497,-0.9515021473352568,-1.3182958632114328,0.0,0
12.897,-1.6895613794465882,-1.893734893581594,0.7399265310820496,2.570205441329618,1.6190894917646201,0.26805052190251405,-1.4761421793072669,-0.9746138902842509,0.0,0
12.957,-0.9603189104687373,-1.2985307197523093,0.7859202413967085,2.8297018679746073,0.8873020400144624,0.6772200586044814,-1.3039792979054081,0.24118377666307902,0.0,0
13.017,-0.4461327080165036,-0.4070198968765981,0.6461881113062322,1.754502814479716,-1.2793259019336578,-0.03707089562110227,-0.8083732455307565,0.6525549854133135,0.0,0
13.077,-1.1093036045393105,-0.6156209228181234,0.6205135748259373,1.8435370332779606,-2.069924686717172,-0.7248628063657065,-1.5674069900767986,-0.37981079595527234,0.0,0
13.137,-1.5256694155120751,-0.8943619491272568,-0.10190319712918204,1.1386240229279494,-1.5126810156020258,-0.6606244302337743,-1.5291810753517792,-0.6595052979941604,0.0,0
13.197,-0.5556126911101249,0.19628374593648,0.41251210707046654,0.08224164100516984,-0.5960520768918404,-0.06626213849552755,0.9513021342297637,0.47561240466625154,0.0,0
13.257,0.8197779673195935,1.6947729139568917,3.291541629600277,1.2715391881530012,0.447713745151735,0.5581523128687018,3.0792506782905957,1.5087021535758385,0.0,0
13.317,0.7987760463886929,1.3423679534892576,4.172608122863907,1.71253717614559,0.734475463132466,0.4210136224311265,2.3347244659329625,1.1616610181048908,0.0,0
13.376999999999999,-0.30172219155977564,-0.5967568709768567,1.4261634004710102,0.005953857687624159,0.14142483489327592,-0.506533802040389,0.5649553182380753,-0.297346567996831,0.0,0
13.437000000000001,-0.3596241065542926,-1.1936264235681184,-0.21002875040447225,0.13077706487791738,0.5096657896254791,-0.36805385999817397,0.4945047780053791,-0.9869449611423088,0.0,0
13.497,0.03546167904040837,-0.43504156400570526,-0.19065816012165218,2.518087103644572,1.539496009839488,0.5701234036437065,0.3973737115114923,-0.9713460609922543,0.0,0
13.557,0.012702018645539118,-0.13343586607212196,-0.564394074036057,4.179267544990236,1.8644481111899394,0.5430582714853308,-0.8253804783777086,-0.768147340846804,0.0,0
13.617,-0.09889455433286858,-0.6318364897648153,-1.0704023511554015,2.827418038460353,0.7765825184085662,-0.2134133213782989,-1.027546949481941,-0.25070126220039085,0.0,0
13.677,-0.46580829297086074,-1.1201859728424577,-1.5838059771514816,-0.20657174679187948,-0.84454284692427,-0.9660858383043959,-0.4999115611941833,-0.25892773637719907,0.0,0
13.737,-0.40319654722545484,-1.010347582979626,-0.989324833853808,-1.2270684422783191,-0.9059876947337936,-0.5562808763740278,-0.5661893567332751,-0.5504820185689995,0.0,0
13.797,-0.10532735974359775,-0.7487629574801251,1.4513623891927585,0.6252606661748481,0.38379999980257495,0.8923412630076393,-0.9891299092589133,-0.9098743325472531,0.0,0
13.857,-0.19037373129638838,-0.4275842053395164,4.608548845442841,3.9881819658218283,1.7443738278583634,1.9258890014956034,-1.1037254636873974,-1.0413762481535693,0.0,0
13.917,-0.03440868761838522,0.023242402950631385,6.07994284832159,6.292400819999682,3.3707575105863765,2.5150079689640976,-0.8223558484026556,-0.6462158879361046,0.0,0
13.977,-5.393914232583452e-05,0.24187782738897398,3.9987498486506308,4.4623225430109,3.188833784736012,1.9694895069522653,-0.9375021561174265,-0.369549342015246,0.0,0
14.036999999999999,-0.009158284414065703,0.5007383203173567,1.7958425321479143,1.8438418024467003,1.0040070620643573,0.3932714152964613,-1.1063754500689849,-0.03267845560373518,0.0,0
14.097,0.3764849390863525,0.8800182410000567,3.403876669555308,3.450157792579064,1.1601112382466443,0.06347626905070687,-0.6318689645595738,-0.002531120081136979,0.0,0
14.157,0.8116651557776388,1.2604864351803375,6.029898229795953,6.3716428490291195,3.2441379676326214,0.5734421868314005,0.28768541382265006,-0.32582870443102996,0.0,0
14.217,1.2009070441824086,1.7117406490575593,5.246614853817087,4.7544035536370215,2.199612695900847,-0.0889115821313667,1.0964581914700218,-0.0010068337064786752,0.0,0
14.277000000000001,2.2856025947589416,1.9593495670384289,2.6012718500508396,0.5586075047031515,-0.7832148250420482,-0.22360337896830873,1.645157130533442,1.228357310962674,0.0,0
14.337,2.6513240077875135,1.1731553260175853,1.4147635624695478,0.09025352266260482,-0.8703547586114847,1.6809662992199774,2.4656274707752353,1.9976553751463824,0.0,0
14.397,1.6771305131481704,0.23915053164472044,2.3927918677773055,3.2489359306266863,1.5057435964857147,2.914661442297168,3.322640597929777,1.8963006425098887,0.0,0
14.457,1.343142553704098,0.787709941156399,3.99903070397002,4.5461054526290035,2.5550934504680267,1.9486749230989402,3.8847419835467054,2.117204179716062,0.0,0
14.517,1.3201193024478564,1.1809805843496382,3.1134668238568763,2.0382950361673795,0.7964993007144843,0.154212597895625,3.5855357918836845,2.024223393496928,0.0,0
14.577,1.8111404511565221,0.5463050173038342,1.0020500438237872,0.214091329079362,-0.8094421501162737,-0.8051206444818041,4.031221444308433,2.00956005882306,0.0,0
14.637,2.1993049101668825,-0.3460843589139826,-0.03948446905985807,1.339167269128872,-0.3337511746420459,-0.8221668973246518,4.119385305011831,1.8980114013223595,0.0,0
14.697,0.9066695158240755,-1.111334651129396,-0.13926788669611143,2.6145841015178024,0.2031205374943185,-0.668955676725572,2.068074967028061,0.6584372417054909,0.0,0
14.757,-0.4606736952687234,-1.6128903277561797,0.8146058827431336,2.845284275686284,-0.2927898790447234,-0.8562180227589179,0.27207050730674254,-0.34700226274719587,0.0,0
14.817,-0.2509701561797197,-1.668773300052911,1.3474191056541829,2.5909510109330065,0.10491308299576375,-0.7474570974902836,1.6885487663963907,1.1300572641532616,0.0,0
14.876999999999999,0.6449895563364662,-1.0255778906895767,0.7133124136058604,1.442917419745949,1.0642134985555685,0.7748486179544614,5.854783062649435,3.7002043965168876,0.0,0
14.937000000000001,0.6551190689223818,-0.4453040949250227,0.7677928190674131,-0.19982885809840897,0.7029345303825957,1.9459017628689006,6.147544159286958,2.835728168297896,0.0,0
14.997,-0.14260719738424404,-0.3984846050704536,1.1829908630532076,-0.8985250492424242,-0.2525433423197427,1.3194855592539358,2.6010211873504416,0.35792766176630136,0.0,0
15.057,-0.38255955097086164,-0.20781723420606726,2.4117627845232157,0.8745799331843956,0.023081851291480843,0.9773322827107168,1.3775931443741143,0.22064071947864028,0.0,0
15.117,-0.1700240934542673,-0.16360756148743644,4.309686305752748,3.0382403553803337,0.910432404270039,1.6185717287773063,2.3758639821146756,1.274386951546178,0.0,0
15.177,0.17946694350103556,-0.5120967673608975,2.9255945657822005,1.8602303241428906,0.8704775346846151,1.6859618676326935,2.7541826249083563,1.6830149337213187,0.0,0
15.237,1.2175318206115981,0.16893378825869634,0.9303916361226067,-0.12672385114961246,0.053664655857237974,0.9027600238741832,2.7078707553770047,1.3938685806627051,0.0,0
15.297,1.8997248471005375,1.4412826616379908,1.2066184154166895,-0.12609505379456762,-1.118328590982027,-0.30936502437755936,1.629305175111347,0.8423425309396165,0.0,0
15.357,1.0781739260278425,0.9426720884435955,0.32957486134780994,-0.07699912886224151,-1.9856688507546456,-1.1533101298456796,-0.7024798111180203,0.589320912209595,0.0,0
15.417,-0.07435903878084459,-0.27644696887310455,-0.9298875024782306,-0.08285211764417491,-1.6178542608438249,-0.9512088381124953,-1.0429155121974403,0.4379529295405309,0.0,0
15.477,-0.3896775508674312,-0.5288221175605763,-0.8298783408847111,-0.17110064462896402,-0.23535933352797941,0.1992506814926617,1.066409906492546,-0.020718957307782625,0.0,0
15.536999999999999,-0.06437585313908678,-0.5131047782482477,-0.7291053893875353,0.014598719384822009,0.875570456671372,0.9166601540703083,1.8398009731568419,0.08328319038880778,0.0,0
15.597,0.5781350056685642,0.08613904953414236,-0.22663526960103653,1.3293088009488605,1.0223432188096917,0.560347367459746,1.9043698780928653,1.3034972673713399,0.0,0
15.657,0.2662584139974024,0.6770209856784916,0.8468977943958106,0.9419324437312238,0.4766941133674436,0.3675025500812172,2.1273475275190927,1.3287360102058892,0.0,0
15.717,-0.8193152766041166,-0.09744898621559496,0.5128083510803394,-1.1946134671202133,-0.5099050434729993,0.1352235469628442,0.6685325153716092,-0.15870248183283056,0.0,0
15.777000000000001,-0.7203994153501387,-1.1708882290157823,0.09961690986467936,-1.2423923339837417,-0.5637701822602847,-0.14386516382179806,0.140744202483066,-0.5605705230422678,0.0,0
15.837,0.30676997152635926,-1.2156173793076022,0.9385306958236858,0.3020863826336186,0.6931958989683561,0.36885942972110675,2.9223760083410397,0.6451493989702382,0.0,0
15.897,0.1124506363291581,-0.9271676020945682,0.8706693805113314,0.02509246915292973,0.604396347181209,0.6131163127178363,4.154643164760038,0.9858067612234894,0.0,0
15.957,-0.7870605864188617,-0.7468641383042772,0.19324771713293454,-0.9262404230559688,-0.2876436288742065,0.08056308453318492,1.2645430203602228,-0.11496441430834857,0.0,0
16.017,-0.9326415255984362,-0.6526433295097297,0.12001681659813968,-0.23402629448664183,0.12160097619568062,0.1892230087739251,0.32904481836459804,-0.2215079400063694,0.0,0
16.076999999999998,-1.2236144032397325,-0.930317538134199,0.4403163451538373,0.793563268471936,0.5344509708395512,1.2695699466944097,2.4750174283185964,0.2579530408312962,0.0,0
16.137,-0.6761159536323115,-0.5659849185951306,1.3518389458592825,1.0150716517312295,0.1134552727947259,1.7653631118548418,4.168858179059913,0.9796635417007122,0.0,0
16.197,1.879648896767723,0.6015275238563452,1.7314241395509569,0.7678926541307884,-0.4663379510002145,1.9024209360424642,8.657955247081231,3.625567396901014,0.0,0
16.257,4.309318451624439,1.3459099650051805,0.7573074025823902,0.376851601303471,-0.4563003762475311,2.959417246271384,14.228752551121792,6.717795877814484,0.0,0
16.317,3.5720183259178335,0.8590993410630592,-0.319498157601209,-0.18293774334306154,-0.31218893355978633,2.487535781811864,11.08530667039696,5.829270672735117,0.0,0
16.377,0.7661947123040412,-0.15287439828485963,-0.911314536922401,0.8787370168032419,0.061069218716458984,0.5787105003203247,3.131516283050154,2.243928851639277,0.0,0
16.437,0.17796025519111577,-0.06130491292942816,-0.5564369522170842,2.5006927046604828,0.7125000695916235,0.6642095036930002,2.2976898561135264,1.05071637786859,0.0,0
16.497,1.9230854161753983,0.8706736364375952,0.5143204114306815,1.8821492354392675,0.3591085522772852,1.8440763903785191,6.122441535969681,2.448225946699153,0.0,0
16.557,2.1301627848272315,1.0878515988944177,0.5941008660916063,0.5457930595757035,-0.5501991193675771,1.2842708964056526,4.688298624100303,2.577337706914054,0.0,0
16.617,0.5891797973708622,0.7648019327828944,0.3916811512862224,-0.12821798228551604,-0.8674660996449816,0.6511902647827833,1.7392120138204248,0.739486967877859,0.0,0
16.677,0.5034198194613404,0.7475610636445601,1.2914074253607868,0.9320977196947823,-0.0560307012288519,2.3455526090388115,5.234484282076614,0.7093420270565053,0.0,0
16.737000000000002,1.4836273732448468,0.7051046304397479,2.5044010414103792,2.195743737555167,0.7503630550795415,3.4101251152259118,7.759069241469344,1.7817768662149407,0.0,0
16.797,1.5218650278231065,0.5916516423867731,3.200466877755975,1.508864770003,0.2763102756539226,2.1221477306456262,5.224088842524925,1.551528589024861,0.0,0
16.857,1.0320076843010033,0.4365140601893824,2.9404405871883044,1.5320424557975676,0.059421961571391686,0.9109957940575241,4.477472835661052,1.3098076239757057,0.0,0
16.917,0.21164606033663327,-0.11084389687337574,1.339080925721633,1.9877683823319172,0.33575509941036796,0.5574139792209101,4.670045124631904,0.7665936865843491,0.0,0
16.977,-0.8328282965740921,-0.8164207125112362,0.022656790651002307,1.3673269974791327,-0.07530084342377698,0.1258874345849351,4.524537623302067,0.021822180644220663,0.0,0
17.037,-0.41268383663642944,-0.5678471992984302,0.12060345245406108,0.8979556729081705,-0.8778412374868662,-0.430370565398089,5.267353246764922,0.5168116055970533,0.0,0
17.097,1.5644672835384101,0.2625690354901488,0.1910748383281561,1.2815886456491903,-0.9343539562376738,0.12254520845232346,5.69866527954283,1.8459984279678883,0.0,0
17.157,2.0743533468652,0.3659845734552796,0.23618163652931648,2.0875415093194363,0.42157830280519365,1.3048965229549356,5.30802019491433,2.3909862785728015,0.0,0
17.217,0.7454299215748931,-0.010611444609363632,0.795235666983193,2.2163511786200947,1.6596001038102532,1.3772425470724547,3.670745303960611,1.5114294899751102,0.0,0
17.277,-0.4181622011278248,-0.7017832522387514,1.3138056215857679,2.157828730221033,1.9555109604219494,1.0953356670312937,2.6052022508309136,0.07725283869469188,0.0,0
17.337,-0.4033522203864628,-1.3131761940158444,1.2453123808847837,1.6644610104498396,1.8048132138015056,1.4157850094593643,4.476732495030613,0.1672339783355874,0.0,0
17.397,1.0255504581056878,-1.016276227383049,1.7889117863638042,1.5831916960013988,2.4399376208580263,2.5223543361250838,8.953080479885868,2.6702478024377636,0.0,0
17.457,1.7067944218060367,-0.2599784585202067,2.8768567580148052,2.3940390175652455,2.8653709410645374,2.2962756625391756,8.886734480468524,3.765444233268059,3.066442132025772,1
17.517,0.8503552939810564,0.058741603703404054,2.328582605030902,2.0827271934957845,1.6750572802433272,0.29920924825780976,2.9771696125475606,2.1772629128561,0.0,0
17.576999999999998,-0.029128283534426053,-0.25203282199340693,1.0050489646377125,2.1151155282504353,1.7191081319207389,0.23451841330677548,-0.19059192803405936,0.18262246493304382,0.0,0
17.637,2.4462088463888647,1.0706997964992284,0.743396221318119,1.5440717749235862,1.5187372544620714,2.224982491389194,4.814460567252705,1.7818029712861978,0.0,0
17.697,8.143050663703088,4.118410590125948,2.2110628421760414,0.11653199780430973,0.25125142578448634,4.583827075154273,14.39370586041367,8.003142529760067,5.227622873115235,1
17.757,8.81608155123087,4.535274432591852,4.8923984353890235,1.3558910812751135,0.6974868246774553,4.362656415042736,14.70950468767136,9.432053495445105,6.100168365415439,1
17.817,5.7189046807491515,3.3573653049305165,7.9842554710925855,5.88176120723269,2.581074589994362,2.706563593935279,8.726335442862792,6.156027431721976,5.389035965314919,1
17.877,3.595191428625157,2.549423157620931,7.290444517844281,7.796781493291003,3.1064655228205065,2.2640093375365455,5.173790813299907,3.782479682104848,4.444823244142897,1
17.937,1.3302596103400692,1.2958600392802155,2.6649565441524836,4.281095014917541,1.4675368235784474,1.3836572256299993,1.413441830495376,1.4209127721097168,0.0,0
17.997,0.5756301167302043,0.37437437559433934,0.21284888287817885,0.7522617290075142,0.21895303183595172,0.7188646018240609,-0.3001673230716292,0.7814377837559627,0.0,0
18.057,1.7571732459473808,0.5421795850539238,-0.06661241119092845,-0.7688137698918186,0.4617403644760218,1.1766066580511019,2.0679602476030294,2.019863261965177,0.0,0
18.117,2.3533920013591105,0.9461810451637728,0.008860954502208454,-0.9527695995403717,1.6813584817772587,2.4611695306270316,3.5498316174589957,2.1865480729094786,0.0,0
18.177,1.6047830144826083,0.9241578171879355,1.0933345491695223,0.9223434676194184,2.968291264574409,3.6559230529236486,2.17266657149057,1.2777999179062964,0.0,0
18.237000000000002,0.646906683116333,0.9835376985966319,2.269136388916919,3.7755330440054453,2.0289079402020955,2.4779997245389933,1.5743328788623838,0.8781519838797841,0.0,0
18.297,1.0336887027368047,1.7569665951572622,3.198644557885478,4.496779846401681,0.31791011544568115,0.3403836877177644,2.194709182245487,1.4325826081430053,0.0,0
18.357,3.336789369587939,3.343195920545353,4.823994602841553,4.033080892464891,1.0772105241212635,0.3814121143251487,3.7130409459002394,3.6640581016757654,3.046597808932769,1
18.417,3.3707485616423845,2.6746386647775235,4.182798599437986,3.1580449460625437,2.1602225071462167,1.2381823659062947,3.248705120699803,3.7966703752487665,2.97875139261519,1
18.477,2.034812836794274,0.896118969900376,1.924125123863235,1.5855004210010784,1.86477605512899,1.190912127970155,1.121874386792327,1.5289130843983276,0.0,0
18.537,2.846457004777029,1.3791574945046425,1.3563492109821846,0.7696775362436338,0.9098595042263716,0.22019453203076145,0.5083465710388391,1.6031421642152612,0.0,0
18.597,2.956987717452693,1.7580744697481008,0.6170798218480423,-0.07826620870660805,-0.4172478094857355,-0.7438848972138445,-0.614611245395878,1.8746029342994805,0.0,0
18.657,1.3388302328355888,1.0301436730861666,-0.6829402075262001,-0.9351372051347367,-1.1124967190680373,-0.6382878104930974,-1.0848130019780464,0.2568440392405522,0.0,0
18.717,-0.26076828725993023,0.16024722724429252,-0.9131304693927665,-0.30026952454762584,-0.6863432751942216,-0.31093043468111753,0.1874590767680416,-0.9797918187949958,0.0,0
18.777,-1.2247814047684236,-0.7026896941068278,-0.9166382884104732,0.7416720999187811,-0.2927649572359681,-0.9123775145697998,-0.3583139763514008,-1.6957901508447373,0.0,0
18.837,-1.3655690428143101,-0.7773485049370166,-1.4996284991506617,0.6407867959073131,-0.6302413013993066,-1.4525156341927214,-1.3358561632471637,-2.0732776259372483,0.0,0
18.897,-1.0050820522566277,-0.6252068110715973,-1.8575823481393605,-0.051532011669399524,-1.432107846145892,-0.9797388359698799,0.6899568563089682,-1.0802363213021986,0.0,0
18.957,-0.394715806287512,-0.8207632142889797,-1.580702347908866,-0.6805259302694253,-1.5803594807008288,-0.19020823992767202,3.0802824587055233,0.5821056811539725,0.0,0
19.017,0.25596319749379626,-1.1169674118910224,-0.37046143222095457,-0.6894919286944529,-0.7158220695733464,0.5305329500193977,3.3108194575744885,0.8598343207014637,0.0,0
19.076999999999998,-0.006645455733971813,-1.4184920487246198,0.9599260794509871,0.6070999331883774,-0.17692881177898365,0.5602178542846717,1.8078325023043809,-0.4023027566998636,0.0,0
19.137,-1.0759730392596907,-1.4917240349826877,0.6104602383729558,1.2002677950024832,-0.9665978512716532,-0.5948216840784369,-0.7197373065302379,-1.6177421816199187,0.0,0
19.197,-1.4091526749216345,-1.4458154325316563,-0.6182347343189618,-0.4393477936767151,-1.585525951426855,-1.4124967129211055,-2.645211983259178,-1.9170734006463652,0.0,0
19.257,-0.9188447476974706,-1.7366838403485503,-0.7649327655013604,-1.2545182452365824,-0.22287992314164404,-0.736541083773266,-2.428182259667025,-1.5080373720091844,0.0,0
19.317,-0.5747045018359537,-2.032899836695467,0.04537552256483212,0.5047158086281537,2.5511053425143655,1.0955498914043273,-0.4531717312820193,-0.9738078933347242,0.0,0
19.377,-0.6113001661537729,-1.678393938961073,0.7085208759283996,1.8883587994943811,3.875206650348185,2.6088455579249694,0.5679350275146179,-0.6494500230433763,0.0,0
19.437,-0.37167240480483116,-0.8639496206769833,1.088226754801397,2.508876627857828,3.6279904798861513,3.146099863830886,0.379518430835043,-0.20047997364944678,0.0,0
19.497,-0.08016005863652782,-0.38132577441259213,0.690119498886448,3.737583165790138,3.827715374134072,2.5464083338590684,-0.3615270139984708,0.16256396580631763,0.0,0
19.557,-0.2135018496635492,-0.542479343469728,0.009396180501852675,4.490251431591671,3.9167011758341297,1.3324435750236907,-1.1530106519306222,-0.2859244150706431,0.0,0
19.617,-0.140576849812972,-0.7346261919551478,0.5898996589053306,3.872941255288619,3.557363511097425,0.9351868901167625,-0.745628646676319,-0.8386648656155544,0.0,0
19.677,-0.15674168890000137,-0.6173230917470941,0.7382210079312196,2.167943467304397,3.042949813914356,1.0357898110142325,0.08435392971065643,-0.6045834405580836,0.0,0
19.737000000000002,-0.9360118453933729,-0.6849365778027723,-0.3111735861626303,1.2402183577230843,2.1919199834947363,1.043280828450564,-0.08335277453331935,-0.2432354616332698,0.0,0
19.797,-1.856004960112708,-1.3115813689515345,-0.7873024462048326,1.366295419711389,1.333434160227042,0.7374970819318188,-1.748784745578652,-0.7952069662970277,0.0,0
19.857,-1.8923896019074993,-1.831201831091951,-0.7966817526876496,0.44675736388515147,0.5949221488208803,0.08763407188255685,-3.3976939257679164,-1.3703143493936574,0.0,0
19.917,-1.1763908406804138,-1.9433004733531092,-1.2958008094779325,-0.9796360368574483,-0.192282191794191,-0.2388052941013187,-3.6877560547759844,-1.2947405315627256,0.0,0
19.977,-0.8345083504460374,-1.8471892349482848,-1.890845001214058,-1.3846288595965193,-0.21251109477637695,0.4488621649591347,-2.855467674608775,-1.284594467701846,0.0,0
20.037,-0.8598682977874059,-1.2618029090661294,-1.5843075764059444,-0.8722667275163145,0.265387336317573,0.9378350303523805,-1.5680499146056415,-1.2279259266478977,0.0,0
20.097,-0.9511489683834206,-0.7696620248629649,-0.4361719904685544,0.31483175380535017,0.23679884182197444,0.2803538021259679,-1.2384065423801096,-1.3459759869545547,0.0,0
20.157,-1.1619247793246517,-0.9701110712622975,0.6273041593854446,1.1374985130435216,-0.29474197580615474,-0.5319783400639407,-1.8971456255332384,-1.8662996174133781,0.0,0
20.217,-1.345505141238867,-1.3414296703903748,0.866215201357091,1.301564727350964,-0.8817688200561711,-1.020213741260096,-2.352081261613574,-2.1709134056306714,0.0,0
20.277,-1.350709529385585,-1.339651313325035,0.898592838405151,1.8507017377415034,0.2320575882258661,-0.20347558291697798,-1.9349592345131323,-1.765151062544538,0.0,0
20.337,-1.039100771053943,-0.982380311055355,1.80492880508124,2.7627732448133084,2.380835722479318,1.5666668391829341,-0.8814954743838249,-0.8673403692703907,0.0,0
20.397,-1.1329978009412205,-1.2578935595667848,1.2740508826601213,1.771752263620133,2.0416790056170657,1.5391232608332057,-0.9417697655162455,-0.6844946974991898,0.0,0
20.457,-1.4581204909023935,-1.9350685114964312,-0.6146105739233697,-0.016859219606511777,0.3716480095622692,0.2390704551694853,-1.7908008389968895,-1.1294374621005285,0.0,0
20.517,-1.373986844243652,-1.9302561161291845,-1.5253420968756295,-7.149033015883359e-05,-0.4279624941897327,-0.4751011139401389,-1.9909107325277289,-1.491074776941966,0.0,0
20.576999999999998,-0.9833686727591568,-1.467456654857078,-1.1714896869221254,1.383865887727558,-0.7387671318749655,-0.5159920903371868,-1.570046900989434,-1.3720824580846875,0.0,0
20.637,-0.18549509846196952,-0.8873678875709025,0.4717398187712833,2.9082466827994966,0.37170474344136634,0.8102555947239608,-0.12465725538056188,-0.13386255665362942,0.0,0
20.697,0.2316344729173069,-0.617149326621843,1.616104780238073,2.7829692274627678,1.6026778231431134,1.9673271314673988,1.1542218282817485,0.6161639540367935,0.0,0
20.757,-0.24436734177528016,-0.6970985595077659,0.7637221581276225,0.6792042099386012,0.3220861110086643,0.5868528903597918,0.15046162485128525,-0.3516536430585399,0.0,0
20.817,-0.783987281424126,-0.7068715147581733,-0.8863214271883217,-1.3330321242709349,-1.4900690181264347,-1.1566281278876593,-0.8776307118463053,-0.9980686179084194,0.0,0
20.877,-1.0497507510416548,-0.799864547496604,-1.4654792616700723,-1.3863146097794667,-1.0568609695063456,-0.8444845994905453,0.33282176406421166,-0.42859723854507187,0.0,0
20.937,-1.0055404173576525,-1.1386522969912203,-0.8871527537888512,0.28427678469256645,1.3339354885592432,0.7042679112698041,1.867436830062429,0.02870448021858868,0.0,0
20.997,-1.215135441180496,-1.4513709585916077,0.15755804762590445,1.8397238735478672,3.1582798339189,1.575553580467336,0.8001154927192927,-0.5406289110121879,0.0,0
21.057,-1.5077095864486811,-1.33900524989273,0.6088609427084025,1.5607266423698283,2.686050508587806,0.9630192633582287,-1.7276965113173643,-1.3401421844687211,0.0,0
21.117,-1.3690499756247787,-1.0628020525269732,-0.21371210607596103,-0.32523133162575,0.6493860709428362,-0.04869072229162288,-2.6604997448435146,-1.4274075093402943,0.0,0
21.177,-1.4950535674442502,-1.4123922770536927,-1.2449316472905416,-1.9079395026253119,-1.0832849350250988,-0.4088740496065937,-2.806555578318497,-1.609983195166321,0.0,0
21.237000000000002,-1.5378628381150898,-1.9374007252696346,-1.478901995740116,-1.950138616567644,-1.3654381878209108,-0.3890952083692312,-2.9167589388309043,-1.9671117256600377,0.0,0
21.297,-0.8645362775627436,-1.7824804868108126,-0.6816650802224126,0.3826215720660164,-0.14638091038856246,-0.22948689930276758,-2.1566786580865527,-1.6928030767279774,0.0,0
21.357,0.08870345459471034,-1.216945861410747,0.9737789346174403,4.652782727002846,2.5266292003350497,1.275280092256929,-0.09462507882014036,-0.7345798758856154,0.0,0
21.417,0.14119170160537856,-1.143703520205162,1.1930797105984576,5.751938165953187,4.1820200203505715,3.534886194027658,1.3605520155687332,0.054780039161158776,0.0,0
21.477,-0.8116565503339669,-1.458594416017956,-0.3598643971809316,2.6234203027516796,3.209914633104607,3.749741347454657,0.6955741477222954,0.09832180234650305,0.0,0
21.537,-1.579517314480948,-1.6666623196227197,-1.6112458150186715,-0.061999154472337274,1.1115958515440483,1.437555566620608,-1.045477291336135,-0.740032948764984,0.0,0
21.597,-1.5449687345779697,-1.7636965668803086,-1.7743096925826902,-0.16500326072005891,1.529050763986799,0.9784239554654115,-1.9089473416540095,-1.6004485762015825,0.0,0
21.657,-0.9198273627256898,-1.6001702579857475,-1.0166243098541197,1.502242727807606,3.58273698710556,3.059735074523713,-1.024688649968774,-1.4660230342221683,0.0,0
21.717,-0.16127762862831888,-1.2331837225950943,0.0629435107038334,2.288292945873311,2.7859846423835197,2.8822910317827346,-0.5369470694275428,-0.8671593160550614,0.0,0
21.777,0.6774310100495429,-0.7001694342920995,1.7622336921013295,1.7810960282457629,1.5063641541569097,1.6392098690895776,-1.1748822976280373,0.08513946811665389,0.0,0
