t_center,mean_z_emg1,mean_z_emg2,mean_z_emg3,mean_z_emg4,mean_z_emg5,mean_z_emg6,mean_z_emg7,mean_z_emg8,consensus
0.10200000000000001,-0.822323867337554,-0.8270158680347209,-1.3262910472834089,-0.09741618718680785,-0.8390635347091496,-1.2900361519064765,-0.5538212221923374,-0.30698108035240484,0
0.162,-0.3003447077338968,-0.8538376316173192,-1.2987696947630205,-0.05882525153551795,-0.4586293735766281,-1.0092799329040743,-0.3751248173961306,0.2050652946513851,0
0.22200000000000003,0.4081878019615999,-1.4197644463202332,-1.151674025996355,-0.5959533652820551,-0.44248790967582613,-0.7606353285263688,-0.37299917625751805,0.6954157298504652,0
0.28200000000000003,0.9675948324317892,-1.5848455753581778,-0.7056372679728504,-0.7217111147485418,-0.5628953806139644,-0.41624777330019747,-0.2781610859234699,0.5632552101680465,0
0.34199999999999997,0.489098975086722,-1.1883064176100204,-0.14228719311810545,-0.4794450418362217,-0.8911223679801855,-0.526956446099654,-0.25714862033803804,-0.11675716078673049,0
0.402,-0.26134089166641994,-1.072369725726822,-0.10176404868688871,-0.008204464862788323,-1.1652130176734632,-1.03108783461836,-0.28690477211675197,-0.048457272420137774,0
0.46199999999999997,-0.08225011506786688,-1.209518085351375,-0.7663827035539703,0.03165992784986335,-1.223526554149254,-1.3482661724992349,-0.5011240892076178,0.14802011669945794,0
0.522,0.1931597043523756,-1.212287255638271,-1.3178261048504096,-0.4033401887679324,-1.1235358457548534,-1.2846572632188453,-0.8250743654365161,-0.6201319655497335,0
0.5820000000000001,-0.4173429187548912,-1.3383700354194368,-1.3733174779783603,-0.948237446524367,-1.0636587060767297,-0.8614533276960167,-1.1404371436056122,-1.5121771564753204,0
0.6419999999999999,-1.005755038673489,-1.557964340752273,-1.2863022959631767,-1.2943175905463975,-1.213535246942245,-0.6893021701622137,-1.2108113201828172,-1.4721237730471077,0
0.702,-0.9860349329188239,-1.7681415022569655,-0.9961319447582753,-1.0348542864659396,-1.1007415299766892,-0.9320366780736337,-1.0693816201448005,-1.103799975792125,0
0.762,-1.0311090475905456,-1.2386006701685819,-0.39796598761221164,-0.49845196340975195,-0.7154031596815912,-0.7706127708925452,-0.8430454704491669,-1.041469194983318,0
0.8220000000000001,-1.1443535967999223,0.2019200572548705,0.23413402001298578,-0.21004694034003243,-0.6393981884450773,-0.5545655985959451,-0.4937165958868375,-0.8653714671523888,0
0.882,-1.0897475452694148,0.7576941612181808,0.08951833442592494,-0.25949137111880255,-0.7900771158843746,-0.8986162579677694,-0.15378592485152523,-0.24667510453174982,0
0.942,-1.073882084742323,0.3911955097480575,-0.7458465964075373,-0.5134875949337238,-0.8216070163561348,-1.314797557682138,-0.2547418705451386,-0.003134619417782892,0
1.002,-1.261207222217408,-0.11778848880176569,-1.0931269038987073,-0.875662513714203,-0.8148071730325137,-1.5386660339781637,-0.49813704829569777,-0.4231805196394789,0
1.0619999999999998,-1.1936850076493257,-0.38422328029231184,-0.9577639067609537,-1.189769456887724,-0.9190839975038458,-1.2169643267188535,-0.4451570742654114,-0.8815900384191937,0
1.1219999999999999,-0.6823313259864556,-0.2803480338881466,-1.0823122749413951,-1.1280311187066925,-1.0659706587872102,-0.4480947269263946,-0.4012320106407732,-0.9993042816315528,0
1.182,-0.6691242387140816,-0.5056714358008364,-1.2854015962447438,-0.715879397429728,-1.0761915838521656,-0.4065035085906348,-0.8810103642191415,-0.9964492407827885,0
1.242,-1.0062278471015544,-0.7061661472032276,-1.2594266325520678,-0.42258131231250534,-0.8375677686740558,-0.8315645896509608,-1.345905263732513,-0.9178053643948609,0
1.302,-1.0016576690939327,-0.7201925906251652,-1.3810859493162493,-0.13858688292986487,-0.44083910557888556,-1.0786192957466632,-0.9264961134667794,-0.40456956712640474,0
1.362,-0.822286616225707,-0.9324319623113523,-1.532479927428778,0.40546652470734906,-0.16317744727730232,-1.2569351455017994,0.1482376888261062,0.2112076994288816,0
1.4220000000000002,-0.8255246858753681,-1.230108538777457,-1.2223728811277252,0.358350885870314,-0.5121982308641762,-1.0937462467761594,0.6602114702367421,0.33284825174097615,0
1.482,-0.9824168923008211,-1.3973435451503582,-0.5850007886189149,-0.390588064050134,-1.1010650057446474,-0.5427482702685588,0.19513162467018183,-0.19429669418684345,0
1.542,-0.5321456462511948,-1.3899929733058707,-0.38421541133046144,-0.8637455653796291,-1.1715770864827662,-0.03300440858044646,-0.39879763103342936,-0.6561274484329785,0
1.6019999999999999,0.8251971741445093,-0.8980862913585418,-0.39622218633012896,-0.8777412526853209,-0.792652809859558,0.3157747027193126,-0.18661737544733256,-0.29242777203668413,0
1.662,1.9590765683739466,0.26078237953433764,0.6649275102069235,0.3181183900248225,-0.04492860894381676,0.9530066173090835,0.7976727118438912,0.1744168392051306,0
1.722,1.7584692508401547,1.2236183506347367,2.020645151236438,2.463535349788707,1.0522130602780435,1.612727996507824,1.329226031447112,0.09769459948977378,1
1.782,1.2568344892546088,1.272015870883285,2.3850373335086084,3.8400959290573913,2.739199030300951,1.7020603172556559,1.0477638694283842,-0.09795607391544285,1
1.842,1.0675053719696088,0.5613496425740383,1.6210756293007984,3.2647243004802697,3.3061186706395316,0.9120718182734358,0.48968548543700235,-0.14922923071962846,1
1.9020000000000001,1.0600813911056781,0.7822987913312621,1.035473378110403,1.1629746016824865,2.051706075138266,0.12499840259329402,-0.33844182209831414,-0.12319091880436395,1
1.962,2.324959747623104,2.8958639334123357,1.84158455203167,0.2084667094195504,1.7088604276262263,1.0231878781929968,-1.0687102382500462,-0.0353688584457209,1
2.0220000000000002,2.787594761675134,3.1834257677245525,1.881562337887524,1.0121650136331402,2.171683890871492,2.038156307015455,-1.1745487922868105,0.020895862381931946,1
2.082,1.1671092140718238,1.0868145931992275,1.035857010640364,1.6537846854770184,1.7929002087943429,1.4156698188277328,-0.7187434305421722,-0.2681897610827763,1
2.1420000000000003,0.12772702903733715,0.013250729532645394,0.8930205693749717,1.7144400876449166,1.6046186421649529,0.46634342350131125,0.7274965228289553,-0.4491123897794746,0
2.202,0.24022567370193912,-0.17655379759270654,0.7703312298651817,1.5782412922462727,1.7783374588360334,-0.11809002858898258,2.472046900980429,-0.579969267389686,0
2.262,0.9312787544118332,0.1003124584465142,0.5935796437259298,1.3448758847029862,1.3332626323644103,0.07169157669956384,2.865176029394538,-0.5432294153031453,0
2.322,1.4413012535629808,0.4349840338512967,0.5271500395711657,0.9551789251523871,0.950291972706629,1.0089231308341928,2.26062932031074,1.1938567741035733,1
2.3819999999999997,0.7608986720688841,-0.3552387435870133,-0.11456067718808344,0.14153634121989392,0.6819819150726665,1.0933428304616026,1.4788526359218699,2.903863018527239,0
2.442,0.1898904985814577,-0.19037111371734197,-0.28254914211701115,0.06536908592355806,0.7669856003522334,0.7487324417149144,0.6556055226488456,1.8655499794465162,0
2.502,0.4281168640841438,1.5103677797490824,0.9071588921411055,1.0050647332772156,1.7588958205300884,1.9512419807010435,1.5911215667634504,1.0720333356182883,1
2.5620000000000003,0.7150539161033928,2.265683026644988,2.2957306272162,2.1111658768414325,3.065888783364351,4.770421230330329,4.132071069525958,2.6019584332761316,1
2.622,0.7924618302756125,1.6767107032051032,1.807017486997995,2.104908902571904,2.702475058494658,7.08733749121929,4.948798846260675,4.3949589945190475,1
2.682,1.777770583608941,1.5267285689082388,0.27798554731784636,1.1971236831351313,1.3479533259233152,8.615123769219744,4.50632823760168,5.926811263022928,1
2.742,3.2057462652059634,2.29396222340996,0.26304679924184343,1.2475833724161085,1.711948155073349,8.529305527437048,3.495939260247242,6.542259822323345,1
2.802,2.6151681585355253,2.6332600072410868,1.4196490799098374,2.2317379603389296,2.3213164902655667,5.397330718134024,2.5558307209113464,5.002998871392437,1
2.862,1.78138851567909,1.8960488322160742,1.6615762537930368,2.505282073913205,2.504811809267291,3.4828411423946277,2.985169282138417,3.7942843691122548,1
2.9219999999999997,1.7000948800977251,0.6975837796069214,0.8796703682641803,1.6729417965648683,2.755232648604754,4.598681150706262,4.439690615861575,3.750579895973452,1
2.982,1.9052864342592706,0.6555118340244109,1.1549117606609725,1.5553712585333843,3.857559297428073,7.701701107130696,5.752767764495133,3.590161669709786,1
3.042,2.569938547436299,2.046849080062414,2.4936144272214573,2.283178034001743,6.841628740635277,13.421937736970358,5.366258016907557,3.575874082260073,1
3.1020000000000003,2.0713289078772945,2.3561901979809745,2.7886948435105503,1.9725948472134187,7.327153528704051,15.592635279081554,5.0009843625837105,3.136669342292745,1
3.162,1.9241812205443722,2.761795082151077,2.423664204833539,1.9715100961429537,5.53619966587129,11.845851224736188,5.176571625482784,3.6468451848662107,1
3.222,3.817827058649723,4.521777042867174,3.216394929502614,3.8880306801836486,5.838985330307701,9.36506386772539,4.9218564638590285,5.685283019135972,1
3.282,5.361785966042873,6.062379845919115,5.506739817262338,5.82508683372708,7.1678683001673855,8.774827071369401,4.741440424709546,7.280028497317549,1
3.3419999999999996,6.16633833887396,7.8895546103240735,8.661929864536026,7.361559555410075,8.587745008644378,9.319637519498952,5.9004546512757905,8.838005303622811,1
3.402,4.5682036365745,6.04234224583563,7.036045184196524,6.098476265561152,6.905517453834357,8.663151266206834,5.889622267016146,7.4515897966958144,1
3.4619999999999997,0.7361020382454292,1.6405233759073907,1.9562068507822283,2.127052153209859,2.3288894460079854,4.354992908643466,2.7811665322990375,2.5909786034560427,1
3.5220000000000002,-1.2148177261701718,-0.06558489409413026,-0.1094160316199491,-0.5881628685143042,-0.33638243779894134,0.8133398633930349,0.33238677918100645,-0.5019338252339475,0
3.582,-1.405891896500845,-0.6038922230645983,-0.592549041341505,-1.38516750086254,-0.8931774681548741,-0.4235871978731058,-0.41205031156557026,-1.334754572760149,0
3.6420000000000003,-1.1265386866173785,-1.1383528684716633,-0.785854921506444,-0.9043011386323068,-0.8198664182301046,-0.639649779663733,-0.8623686563486395,-1.3974647009331271,0
3.702,-0.8657125707306622,-0.9913442373559335,-0.198165490787396,-0.446137673356719,-0.5639138388642834,-0.6644477359002194,-1.0768422709323877,-0.9912912375551581,0
3.762,-1.12650333515548,-0.4573738472825693,0.5682953332240507,-0.6234604974951069,-0.2136974687287896,-0.5818975608784764,-0.9513580549389125,-0.2711878807294274,0
3.822,-1.4436794274044988,-0.2423825183437561,0.7065223516485571,-0.5858930988272442,-0.08264054748416134,-0.48641110205623805,-0.8011421560137552,0.013757816426119627,0
3.8819999999999997,-1.125357023072232,-0.4766460947902302,0.4513483705190773,-0.057617514468284343,-0.0800704356400629,-0.7371990577999958,-0.8632061021094918,-0.5458817378510429,0
3.942,-0.631861375817052,-0.794174642788882,-0.030861011428672026,0.11149358130958459,0.24651719629801203,-0.6822095685261793,-0.7514160426519846,-1.1772535301333151,0
4.002000000000001,-0.5752906034955886,-0.7571995046564298,-0.5787788831163129,-0.4849905849294314,0.4472086946237881,-0.31518828550356853,-0.37719019934415116,-1.4226006371856788,0
4.061999999999999,-0.9161110363189001,-0.6649593111035443,-0.8048202708099909,-1.0094003059801133,0.09390787902189542,-0.5681322151575531,-0.5124278835998819,-1.522638917658633,0
4.122,-1.1698498334032355,-0.5268795837313808,-1.1021694939189954,-1.0792247867525429,-0.4798509987315127,-0.9455270717322509,-1.0481191995694987,-1.4387034307185,0
4.182,-1.0039131354386344,-0.217356093550184,-1.4505485533960574,-1.2371948881307873,-0.9423017930639196,-0.843266990173479,-1.327307306790356,-1.3034656517844199,0
4.242,-0.5119393887946119,0.13213738201679628,-1.2485796823557147,-1.040447580251343,-0.9760516079281628,-0.8003056610982117,-1.2953006461544483,-1.4477074663438725,0
4.302,-0.3890539163892823,0.22516975508782813,-0.7766925065244489,-0.6637053835371562,-0.6330055809063134,-0.9052705043043963,-0.5437109929971511,-1.1139383416412159,0
4.362,-0.45515204512962587,0.3827353180109721,-0.8626024369090798,-0.9521142780523698,-0.17438813549553878,-0.21746216315730071,1.1469672327503428,0.5580832843903826,0
4.422000000000001,-0.07741599664803452,0.8326303727279353,-1.2980601745640372,-1.240292581560264,-0.008770672016344993,0.4971586353436659,1.8764122770895442,1.8012310287665168,0
4.481999999999999,0.6725045208229726,1.1417536593386297,-0.823624579075715,-0.2188321764540093,0.4487160842949323,0.2692123161564645,1.049414849667705,0.7995544315700424,0
4.542,1.5621802737138921,1.3562279140397069,0.629291311527871,1.9688071160333251,1.9700393337221989,0.2652242809088903,0.7053390760545897,-0.7305894419848044,1
4.602,1.3160886754412349,0.8806191645202269,1.1018407167406272,2.8822191213910457,2.390069655589101,0.7075084294450522,1.481824442307038,-0.4783629310758471,1
4.662,0.1858624785044168,0.5714889345243964,1.0114802626867856,1.8356934227819457,1.3831781995236365,1.3375807488305191,1.7173704868549828,0.7942115981785339,1
4.7219999999999995,-0.37462299851177994,0.7421032724797558,1.155500133350836,0.5906536670713239,0.5639869353209552,1.3130729337735512,0.8929753276920828,1.1595316404285938,0
4.782,0.2808261520418764,1.117364849656641,1.3875512227661924,0.7606795197938393,0.27496625759331983,1.1801347108817153,0.7860471646698203,1.4707555173291516,1
4.8420000000000005,1.0792971503309765,1.8796098853941883,2.0730827438687727,1.8066869193935353,1.0228213646182893,2.6205135446579666,0.9806861644846135,2.1581598017778503,1
4.902,0.3976339467238604,1.2615298847850238,1.344577967667638,0.9916838129010892,1.0607191251477484,2.806346243463578,1.0226634101739085,1.4731419768643754,1
4.962,-0.13585422733553995,-0.3785430553330728,-0.4940377217607508,-0.6251564805943783,0.030942307905916577,0.9271744724662333,1.5281567598146648,0.3593120017323226,0
5.022,0.8263059348114448,-0.4826897789100613,-0.8009022959108218,-0.4369308162892076,0.2532119633750492,0.13361772248116685,2.2305544318099497,0.10688705841979758,0
5.082,2.5829368458165263,1.6427319507682023,0.5669814206548915,1.4442302240193854,2.433344569624499,2.780451700271953,3.0416338144194075,0.5205809390499739,1
5.1419999999999995,3.244492123124726,3.150412881209356,1.524247342934186,3.026357119998583,5.629320471803514,10.422532675739872,3.92573693006914,1.7924776558171196,1
5.202,2.172128494372449,2.0484675711218414,0.8874659565837274,2.617001757201558,6.067797152039264,14.59448887732406,3.3369058198053136,2.843465003253705,1
5.2620000000000005,1.3715083374663806,0.5395945595614222,0.12396673097058707,0.9346912770631164,3.127546908335806,9.386431455774337,1.8881872055259457,2.5032862787678853,1
5.322,1.3665877650648275,0.5446579115577544,0.18156500553453336,0.22691942990186634,1.5738698444928645,4.948853395309528,3.3604590878883442,2.135630350678599,1
5.382,2.2009296360848984,1.894842983875401,1.0987785216068484,2.244114495577973,3.746258425123252,8.736198951865003,7.564724941117645,3.827815045958006,1
5.442,3.1523710094925192,3.068440963713041,2.3961587299269667,4.719486802944245,6.43257847236143,13.385442582514964,9.876081563069933,5.554587728089548,1
5.502000000000001,2.0851044425568372,1.808150413238921,1.684220251787121,3.1968112582749924,4.587929298794552,9.815123918176218,6.723233359652743,3.5046645675980455,1
5.561999999999999,0.2484680391157492,0.16488516055851485,-0.05254762838025164,0.17524963212639189,1.4737964198384494,3.5855195987400013,1.771736815721738,0.5046577452831019,0
5.622,-0.43273834462181093,-0.5162311603911428,-0.6473261255978952,-0.6238388655564965,0.38480093337937266,0.868793491970442,-0.52178339064292,-0.6119924473376525,0
5.682,-0.6200784572115102,-1.4355432911907784,-0.5232779982017891,-0.49002246594649734,-0.45912201614525716,-0.37859973820396936,-0.9933841275127312,-1.229323122512146,0
5.742,-0.9431793767626647,-1.1086699106201336,-0.25309447322974793,0.22693948390437887,-0.7471150922348956,-0.9650517670224034,-0.9637666923850383,-1.4338382769921816,0
5.802,-1.3358156378098698,0.19616832068222334,-0.44673458856118103,0.42986076174319526,-0.6089292765252712,-0.8097472162956164,-0.7646599121208815,-1.1403907674984073,0
5.862,-1.2959458322160513,0.31597940214223585,-0.9898779390004884,-0.6165013548779092,-0.4081715950221476,-0.7484393691421962,-0.6976331035327271,-0.6130531548986352,0
5.922000000000001,-0.6894690777214884,-0.5094393511856968,-1.3336815575939942,-1.35261285064791,-0.033884671409362965,-1.0808562453223387,-0.976750755557268,-0.7964620496796716,0
5.981999999999999,-0.4222744952876971,-1.0821316256284397,-1.255754925041208,-1.3828325945128712,-0.10889793387053963,-1.0819416970138702,-1.3072592281535529,-1.5464193686860146,0
6.042,-0.8875682433492665,-1.4890525389296316,-1.2950616674617363,-1.2773820954342987,-0.7657940105588633,-1.0522771338726848,-1.3226749350920604,-1.7632733545008368,0
6.102,-1.1948355704488027,-1.6232138603779263,-1.5311718637276979,-1.1273214548564077,-0.9301731681139148,-1.2977586935157697,-1.0235708641798107,-1.4935683125411636,0
6.162,-0.9892976302176396,-1.2619918073410263,-1.4014714964746215,-0.8883149379076,-0.6296159051836756,-1.2290401823865569,-0.923191036110163,-1.2828077485255938,0
6.2219999999999995,-0.5502314502211281,-1.049928791397844,-0.853188733337329,-0.37033345761257147,-0.5908423983455359,-0.7521223259122856,-1.1271541840478374,-1.0716258186957812,0
6.282,-0.17869690786613876,-1.332527777083696,-0.05084300914389225,0.23044469869747305,-0.6540698814573548,-0.5243792031042894,-1.248986119752507,-0.8261397019182032,0
6.3420000000000005,-0.3206836180040739,-1.4971422096368514,0.3148792044826922,0.06298548607567604,-0.6742702029166722,-0.7240322927462293,-1.2011246336043808,-0.8465946317944958,0
6.402,-0.8635098043229114,-1.181769503862697,-0.06104927075299501,-0.7373028122474862,-0.6494829615505187,-1.1619034385237321,-1.1457528058056887,-1.105347676642407,0
6.462,-0.7460101151920963,-1.0020676468214131,-0.6912171675678479,-1.0647753107528033,-0.20024949358546884,-1.2206513212538388,-1.1287453524473716,-1.0905289936047942,0
6.522,0.6560619467685916,-0.9702553299512612,-1.3696520567251396,-0.9372772668148084,0.9729072850850047,-0.14420081337012236,-0.9288207329290338,-0.26573492503024493,0
6.582,1.4949020682262555,-0.5374234222645538,-1.5377550547668781,-0.7471808155111742,1.6414144172531955,0.775878025929043,-0.48247424355551044,0.4452994708394782,0
6.6419999999999995,0.3162034592646385,-0.4422219672806646,-1.176063006395659,-0.6806987750461269,0.7514405782939474,0.17875328054255477,-0.37563208153590466,0.16424380033045916,0
6.702,-0.6648712556825856,-0.37444925429242804,-0.9314054654601264,-0.7270628117961925,-0.004504411602758139,-0.826370520340879,-0.6336041445642037,-0.274811974999651,0
6.7620000000000005,-0.4146705445179934,0.03135800082943984,-0.553913379991819,-0.4295273024247799,0.2747738930572186,-1.0214155734012136,-0.6139281043507887,-0.4412599077783575,0
6.822,-0.29064186745748155,0.01843909995485371,0.2543719674050882,-0.030329650649915583,0.6596078587199588,-0.2899621666821695,0.256055900922,-0.5781792473578545,0
6.882,-0.42553103892647076,-0.3276435694232827,0.14478058148461836,0.12740466467631528,0.4274536710504793,0.46834204003131824,1.075828038042994,-0.4544059023129052,0
6.942,-0.5376011233620663,-0.8985212502964028,-0.6387370267636117,0.7416941864589365,-0.22233813702194286,0.5579732060220438,0.8262022602872401,-0.27565293674141333,0
7.002000000000001,-0.51971438937173,-0.9286212660873079,-0.3933988042932923,1.2504229212539266,-0.23339417074088417,0.49276772170590405,0.7750189755257614,0.056829521562684455,0
7.061999999999999,0.08458355919262832,-0.373390424731086,-0.2872929296151008,0.7723530793259745,0.16420128901122025,0.5146747305898846,1.3060682519590017,0.8777840216814461,0
7.122,0.6892918318481641,-0.35387691674945004,-1.0225769314319253,0.18704503953056847,0.10143248329898115,0.49891608585500774,1.4140912694157182,1.285913474629241,0
7.182,0.5592918237650191,-0.7816512863557518,-0.9993905056512339,-0.08392834799787756,0.15856257696027584,0.15673895180787037,1.0044409450927316,1.1857395782704032,0
7.242,0.6117866246951691,-0.699560618419013,0.18009652035359047,0.05855142958038328,0.4302264933045808,-0.6468727240502136,0.7290292592946744,1.3435249700539973,0
7.302,1.7512898161831647,0.6838703598162305,1.1092923764136844,0.7849131597583628,0.48802919942498363,-0.5429134030084324,1.4159009914269498,1.5360905746375508,1
7.362,3.067039594601438,1.996523551061756,1.1107546095887708,1.2857894176341709,1.1835261573641604,2.7580530071790865,2.997676420724881,2.0130217005574136,1
7.422000000000001,2.870748514597205,1.3267705650386123,0.5857097689232148,0.9562783127907953,2.27313441382785,7.003552720809446,3.8530480443640616,1.9171059550706702,1
7.481999999999999,1.8455647525545091,0.7146815248868732,0.0778284868462184,0.863570901423201,2.6058603193168834,8.218661822085167,3.988387808241196,1.4943220135291522,1
7.542,1.380239783212884,1.2833580251738714,0.09076815550575788,1.4684702120130153,2.5754849922465186,7.314702331827504,4.68004884348409,2.6744477181608346,1
7.602,2.087670962996557,1.4338142286007542,0.6878231804681172,2.231562401828223,3.096416308070069,7.410148575642416,4.940884835080589,4.212942490939619,1
7.662,2.892017965540468,1.1498679367689444,0.9570127175968971,2.091029250196072,2.796622514453208,6.1392267502674365,3.6068866719530903,3.776570649111431,1
7.7219999999999995,2.2433627218243264,1.4893541385988305,0.9398173478526163,1.4450563160050827,2.2667292319767633,4.145527235567928,2.3739156404704,2.0135848583364213,1
7.782,0.9160944509916601,1.1867604122202415,0.6330584439889136,1.0204830061400776,2.326449091938347,4.278222932019476,2.0487209396126143,0.49140664287202523,1
7.8420000000000005,0.1626296495218352,-0.05112694413589692,-0.3924779031612133,0.4052648549222266,1.2156930692243086,3.1079219786530943,1.0747423398250502,-0.26351055196235923,0
7.902,-0.007382850195599616,-0.03136066872682342,-1.089283605980883,0.23730023309613998,-0.1802353433510785,0.47881207735736514,-0.22300953591549807,-0.6177784388168518,0
7.962,-0.33531226333040637,0.12955661842444138,-1.0846910947232005,0.5756447013752589,-0.8297930889063178,-1.0560729818599461,-0.8114982796609386,-1.124124824336468,0
8.022,-0.8172339798963156,-0.9658034394339513,-0.876730298698202,0.8895941827467376,-0.9957421834839028,-1.2280271750468756,-0.99920693828917,-1.37303079674993,0
8.082,-0.984204931815846,-1.8733322238473022,-0.7695519405734985,0.5184965927094601,-0.7847480321007131,-1.2965476693781957,-1.1830310821410783,-1.0220493300873599,0
8.142,-0.8008868942082378,-1.681379387235218,-0.7188074641533455,-0.3328572985293234,-0.39479907844821055,-1.451466515436129,-1.3683857293608541,-0.6493097601579384,0
8.202,-0.7448035927880019,-1.278911386629915,-0.8630603143894815,-0.38066789872829293,-0.33709617260800767,-1.4082371330444656,-1.3897848060238722,-0.8460664406386105,0
8.262,-1.0265487153939308,-1.1192595605148705,-0.8451381243608368,0.13622371414782877,-0.4267298624624544,-1.2023006970718704,-1.0407199949788788,-1.090161290032477,0
8.322,-1.1948303594586667,-1.0728907988787182,-0.5112151353371479,-0.029898161308439402,-0.3173702258114576,-0.9375239047289732,-0.4909835271166864,-1.2663090704901252,0
8.382,-0.8586544083619971,-0.8874942570554386,-0.3419562023985339,-0.6011356599991807,-0.40082157071981145,-0.9790738709523352,-0.15588055192495176,-1.533431849803813,0
8.442,-0.4097946152659919,-0.6049702371344535,-0.677930227880291,-0.7856987819022452,-0.7304556784337525,-1.0912233168518808,-0.22234923029241083,-1.4900684521230554,0
8.501999999999999,-0.42772319647724916,-0.16858751050773835,-1.0957193092989421,-0.6774027754987747,-1.005180348445453,-1.2005849353738194,-0.6408884511288006,-1.2160648218732777,0
8.562000000000001,-0.9836650229382884,0.05153749946910135,-0.9503797847456078,-0.2937819777472434,-1.0148521000430206,-1.5043289260882815,-0.9757205948428261,-1.0635340545353602,0
8.622,-1.4285996730514487,-0.7405057694728198,-0.8377887003344989,-0.08475066487026157,-0.8074175757697007,-1.6116179899323562,-1.0325410926723275,-1.0095050489343194,0
8.682,-1.5219213903484408,-1.4025228407142052,-1.0555725036255355,-0.6302848706251596,-0.6450302421541411,-1.4596533885363538,-0.7477255134169533,-0.3724013801365292,0
8.742,-1.4886950977234965,-0.7885282274001503,-0.9876803623722955,-0.917156506428741,-0.5075211931548261,-1.243616290833865,0.07663326550525869,0.9751430868726999,0
8.802,-1.266503088620075,-0.21075315719584234,-0.45482200742404494,-0.6497153028174742,-0.06258998401024374,-0.8743540628059585,0.9679287692824148,1.1872585640233217,0
8.862,-0.9351106089749553,-0.628017986282719,-0.09334928651268937,-0.6594883290019261,0.11572015856343083,-0.24870323064223487,1.1140530716514465,0.33807223142112836,0
8.922,-0.6627333907348462,-1.1447410532864908,0.11115348108503198,-0.8865704466038627,-0.44135404817353163,0.3213617805271092,1.0933009876001516,0.3182388400625978,0
8.982,-0.38736249689399127,-1.2046756040763482,0.7097225908461665,-0.9787843408872491,-0.5506470967651204,0.21699652537357525,1.2705344867660917,0.92231422194192,0
9.042,-0.39736182039057927,-0.6759631706341569,1.4494040276743554,-0.38719748452541025,0.5601502928438004,-0.1859156459043663,1.117381313902097,1.8090456058271374,0
9.102,-0.007257636978000285,0.5109454377005735,1.4399274777062916,1.081321461251399,2.236385369101898,0.7856278472962712,0.6942538693326918,3.325189347279988,1
9.161999999999999,0.9319168180500883,1.1298895193405056,1.1507032364879304,2.449676439041487,3.568498585603655,4.734904825754625,0.14744683754960036,4.471701402501226,1
9.222,1.032875519573185,1.9671737517513808,1.501925621759802,3.206414934925062,4.0924304683720765,8.84003779420513,-0.37549635828349864,4.065278056820833,1
9.282,1.076927011963215,3.1851993223873456,1.416242449862845,2.338281782143774,2.1818345972660884,6.2408104293811135,-0.07452791559669471,3.403575795653831,1
9.342,1.0240461082052927,1.5841760615807934,0.53593329236036,0.7478780393451823,-0.5087333875119221,0.8895178079984358,2.1756230804065617,3.729466572419249,1
9.402000000000001,0.14367908265694285,-1.0428448551479017,-0.006404221446769813,1.001079894087195,-1.000763374529145,0.3901084097339546,5.683593417286322,4.8102257033725415,0
9.462,0.35914722907762703,-1.2326678405539477,0.26434011802142376,2.050633433758581,0.467638700052702,2.5043689721296287,6.556352747093094,5.406763245608869,1
9.522,1.8231298099641535,0.6613660927556065,1.0229048465341104,3.03309057570333,3.509259878321919,5.0654311051879874,4.533325780748957,4.59335377559932,1
9.582,2.3636521954744594,2.470785864073511,1.4337599145202387,3.364496214207133,5.362063947857294,7.580345715880565,3.5638607195063474,3.839676596726031,1
9.642,2.3219928815624757,2.5717965110741496,1.3343093071473353,2.5845629670207337,4.720799062267715,9.533491691643446,3.791647613880791,4.499908378275374,1
9.702,2.073666034753886,1.4975880527655578,1.005380419864831,2.079212895821604,3.203224122026869,8.522576626867112,3.726966907181103,4.422275069864537,1
9.762,2.2276674937569454,1.366586730295392,1.0544459367641708,2.3845010949393655,2.679260217901105,5.621841082432742,3.440575048630022,4.11181661864853,1
9.822,4.8737876210744036,4.87280563891009,3.427611645466784,4.00765301150328,5.135350826321081,6.942566039948203,3.8324082674299453,6.913263828763433,1
9.882,7.069412705885978,8.526169158530864,6.117748113568012,5.463387408595408,7.492423415117732,9.724329195739031,4.741917959506574,8.999392872491034,1
9.942,4.995651426172534,6.896456381555507,5.251637137164508,4.363237830725478,5.510334347112778,8.607646897514188,4.739737265294097,7.354213840720427,1
10.001999999999999,1.9571214707615334,3.2535252226402274,3.1002375697570947,2.6007206909051197,2.6620940712330943,6.5208741210947885,2.767505638681128,4.5192888321690425,1
10.062000000000001,1.4236913144014471,1.4594466262413304,2.822718180981606,2.1664072885659897,2.29234571609429,5.5591129900287095,0.612186879017627,2.6981748292323133,1
10.122,2.3322634440142926,0.8295954148229349,2.8045945196059017,2.280630120225232,3.0267534733965147,6.725050887580426,1.3344686630632943,2.8110951909821185,1
10.182,3.227022031094293,1.6817734657537793,2.3071154900067534,2.8847291564367636,4.290137148059819,9.447763937330775,3.757158805296218,3.5966166048775445,1
10.242,2.881740130628078,2.9696493125237082,1.6452024831146772,3.055994850193914,4.6042292325780725,8.404943088956813,3.8805403710441997,3.0311936755009907,1
10.302,0.7530386976406033,1.7074814999182812,0.044437394511697315,1.1684080279694224,2.394437816198023,4.0544570795614545,1.5363578607218837,0.8551431865950305,1
10.362,-0.9807633999238902,-0.1457317410815829,-1.1074142660969775,-0.6383812862381042,-0.020940351808133972,1.6054580558091704,-0.06119025397422601,-0.5958026481687756,0
10.422,-1.1912876582555527,-0.7320843679112715,-1.0716680006327859,-0.28759222467174833,-0.8384103857245343,1.0143710304445046,-0.2012176235787689,-0.5027104589653293,0
10.482,-1.196699540418131,-0.9430732004459886,-0.7568371701589509,0.47872970294627554,-0.6531076410686105,0.03780863590076745,-0.25254737699073776,-0.5274710649330048,0
10.542,-1.0839849938148338,-0.6437654483761381,-0.5995278596999274,0.5180643405903739,0.19535614221847608,-0.7889181308361669,-0.5922681518863838,-0.6530845606434267,0
10.602,-0.6888699774205094,-0.44000961086444357,-0.6628514814054869,0.2266515521740863,0.9997726648564841,-0.6627382365043718,-0.9175086633896505,-0.47871550380240446,0
10.661999999999999,-0.6613796011940465,-0.5521482883338918,-0.891430960840443,-0.36127455514196843,0.6506145824360938,-0.4862988434643894,-1.0075320865571966,-0.601430610576846,0
10.722,-1.0026379979046418,-0.819464896943907,-1.197654755840056,-0.6575295528169264,-0.43509628956526974,-0.904896291469712,-0.8497928301797465,-1.0767482922868568,0
10.782,-0.9576587660709652,-1.1459943240731238,-1.2861997656625312,-0.26305778895588666,-0.732122460410736,-1.3520303273233052,-0.7280614390304546,-1.2925100561748717,0
10.842,-0.5975559691294238,-1.3022502928664978,-1.3418151185066458,-0.0058609912690135895,-0.4686260920582257,-1.6185477569037097,-0.9389113216956946,-1.1687157707325213,0
10.902000000000001,-0.7651926458038671,-0.9003150770491409,-1.4389310460337412,-0.40440343129300915,-0.5083376086372988,-1.684318286291087,-1.2346282742315386,-1.1974344768858158,0
10.962,-1.2394401589694957,-0.5737470911537778,-1.3380533455868964,-0.9153523980601662,-0.4225663249779243,-1.673422915029371,-1.0845646001749247,-1.3844992302750299,0
11.022,-1.4365348087257186,-0.9393869118716264,-1.2527301819926169,-1.2203698754544814,-0.2529691563032002,-1.365020203403757,-0.7416044163018474,-1.274461310619986,0
11.082,-1.5767782293674033,-1.2870552151991288,-1.182282418216097,-1.4823877448536715,-0.2909188154769534,-0.8077465016093154,-0.7069106601547713,-1.1185828864077731,0
11.142,-1.3234999314928995,-1.2580325329177156,-0.894083725755446,-1.5033297428147632,-0.24067650232922513,-0.8742977660006502,-0.7184133795611428,-1.164448321375168,0
11.202,-0.8071315868534,-0.88863127139216,-0.6101576860095347,-1.1908892999331697,-0.48054833454908286,-1.3311376029853155,-0.6133172018658525,-0.9217541525586599,0
11.262,-0.7883316319705695,-0.1360593062496082,-0.20425724540804244,-0.9179385166179598,-0.7974679804373381,-1.4287383748624525,-0.6045923382091565,-0.37304668439167116,0
11.322,-1.1137946324784902,0.44283593270538163,0.0785869049835478,-0.80500674496096,-0.3297427712171332,-1.0125138017306046,-0.7673248487848466,-0.40943285163816495,0
11.382,-1.176049122695692,0.483077428086693,-0.04321027299382438,-0.7472079793575137,0.6874745501881505,-0.3192814412802495,-0.8331280441143528,-0.9422476060071411,0
11.442,-0.7362741112642666,0.6182724850203394,0.45384001482137465,-0.8135824086347578,0.9100620925304145,0.1356993105526805,-0.3275511234023067,-0.8944018438063804,0
11.501999999999999,0.11663089539997751,1.7605707941734918,1.7231332630454494,-0.3706719720770066,0.705157874276498,1.8945012137010686,1.449877042137344,1.0237773589475392,1
11.562000000000001,1.598689784539694,2.1234816258144593,1.7626695492366355,0.21326355153940313,0.9081533830589604,5.152164782202251,5.421426001358035,6.13446939395844,1
11.622,2.67678174185848,0.6593019243358778,0.5481967328760519,-0.013620886584846824,0.4906612388562264,5.7205358365746966,7.970549440396405,8.864927196818963,1
11.682,1.85831214169934,-0.3138956189194643,0.12450578119484405,0.10766396107456015,0.3921429812824115,4.468943400412493,6.865241171013653,6.110981895099737,1
11.742,0.5112508108193724,-0.23999641485578974,0.9186205585405006,1.2487971854991833,1.6454558098059808,4.1347187942058365,4.861162810968017,2.8387837061143864,1
11.802,0.6397108783586356,0.2883041039496463,1.614834092930012,1.6781676308193239,2.4438578127960855,4.554885175740599,4.767086413994517,1.8793359308608075,1
11.862,1.7979292406741747,1.2293365470493152,1.4787180027487927,1.4076730824777623,3.1128896279066853,7.470660278091306,7.377455242122189,3.4720668659386003,1
11.922,2.8677399426221584,2.1385587691555603,1.3673420650819796,1.7481532223072722,4.7636614393591055,11.798417934554154,9.172643477421838,5.776424198507338,1
11.982,2.1252486199849137,1.1937312607097887,1.31994376449223,1.555691701687473,4.379545140722419,11.454724738949922,7.833907278607296,5.232830761753178,1
12.042,0.30803596352661616,0.0011990718190740175,1.6271251401890972,1.3312906270353457,2.549218972752523,7.014618699493053,4.383370738387001,2.7730711738009592,1
12.102,0.42524420623275194,0.9671728308775681,2.029094073132421,1.9947142519062135,3.453655476873004,7.152998150800059,2.2756717957557315,1.8247809696434658,1
12.161999999999999,1.7604796937070193,2.1176922340662867,1.3358504688443291,2.0549055384496895,5.326301657683766,11.289050704444689,3.726606153670978,2.44437903036531,1
12.222,2.4345376084189265,1.7109410088195824,-0.004298319786229872,1.5474035274791473,5.773802059839183,13.648524550804062,5.24246874953204,3.0135915324902705,1
12.282,2.7317107499922297,1.463198984555218,0.3023787058627731,2.122628916639664,5.426524168573727,13.372144259680772,5.311828188729803,3.020927674952658,1
12.342,3.4539263263225,3.309299016821999,3.075769160610576,4.313104465345675,5.601419992855457,11.832333554718893,4.472761959027686,3.3362874040983717,1
12.402000000000001,3.028370318896586,3.6112024170873305,3.620515234606179,5.145103908428228,5.236338033399402,8.63518960771754,3.053043069542964,2.640990350907787,1
12.462,1.078783047839042,1.2107282719140615,1.3250490062277132,3.3310138535504463,3.0420450980014517,4.092583056570203,2.1500708174308545,0.8909666221446734,1
12.522,-0.3183977672038238,-0.3627008845147053,0.18159910800570303,1.3385821113353487,1.4346047312786803,1.5777381018863155,1.131966815040265,-0.3161906761079616,1
12.582,-0.5547845712574077,-0.34452677651720093,-0.08018513257535577,1.0737014967731595,0.714345823516921,0.7073767236989635,0.2278345057878546,-0.7203951856478198,0
12.642,-0.2642861121887183,0.05267560294280341,0.07314939024356584,1.88336056452236,0.3780734807590311,-0.01807658513031253,-0.25414179621102334,-0.9590566398929435,0
12.702,-0.07481314284784875,0.5565907747488473,1.2823618017575773,2.51242346340884,1.1125490755682017,-0.1652957583478242,-0.5615906345600516,-1.4260356068453628,0
12.762,-0.16655159573474523,0.947669714648709,2.7851295791785255,2.4075829501460575,1.507053557846038,0.03056303672912686,-0.5786356042719398,-1.7428041706821304,0
12.822,-0.6613199811331928,0.5669250409576964,3.9985503409038348,1.9258835994606134,1.0032411822186111,0.5073617227029725,-0.2892279363977824,-1.697385784477689,0
12.882,-1.3154406360440938,-0.19301299731246305,4.396415147114797,3.6990959971633384,1.344965783172951,1.1306001945821726,0.15103999990845318,-1.1819193728202055,1
12.942,-1.5528476991991502,-0.3474890822617814,3.7821223291314094,6.112310870118923,2.1248628532318086,1.2699213449445568,0.41576534728731324,-0.6342138899295092,1
13.001999999999999,-1.529657734646004,0.2654749005169877,2.0011809660700206,4.843257127350381,1.3941487937523203,0.11507500325499796,-0.06640450506929241,-0.7567721616166637,0
13.062000000000001,-1.3923360511355984,0.6534107972595432,-0.03830558497635023,1.2064810444154357,0.2768511857485283,-1.0949040702018642,-0.8146964316868294,-1.2082239266725285,0
13.122,-1.1589402056758809,-0.12052464163739547,-0.7502353265458147,-0.6700166502028533,0.1830497442399236,-0.686332693333371,-1.1079869005372558,-1.108340732372395,0
13.182,-1.0255305641978032,-1.4411338359469852,-0.6247317689397202,-0.4995519178440508,0.052823719659149844,-0.08179331580246198,-1.1334503177578037,-0.1593454825102851,0
13.242,-0.8314179669054204,-1.8352176630076087,-0.05595887920764378,-0.2925240314715696,-0.3905307331167935,-0.6089309256013947,-1.1423781215801625,0.6063915251552866,0
13.302,-0.6770289397691424,-1.4687841910957236,0.6347317083686563,-0.6100212364053382,-0.6475773661657963,-1.3713557757922252,-1.1119877645318332,0.13406250147224985,0
13.362,-0.7859977679920016,-1.0727808572056046,0.6058198074615302,-0.6552762249607549,-0.7789735941832889,-1.3235069585365375,-1.0364567670845422,-0.29963579312598293,0
13.422,-0.820389123849473,-0.23681161175413865,0.24701002528943325,0.2392820900657917,-0.5612456727644674,-0.5425768644069558,-0.9501969471243884,0.6171404968029297,0
13.482,0.07983354388976154,1.8964834762718734,2.051467723084928,1.9160904450341345,0.7061323626003854,0.5719412254062924,-0.287938454056776,1.2499556168014072,1
13.542,1.5956749797855705,3.894150463712806,4.2176757882819595,2.641962333026478,1.9574520255946997,1.1789379728127252,1.5298174313186268,1.1970237001779624,1
13.602,2.1205712865193713,3.5473259919010807,2.892692736381907,1.3356470820058786,1.053451045271107,0.7657894217165567,2.725172568562975,1.6835810642104185,1
13.661999999999999,1.7414656097693217,2.9935530812830056,2.2042969137061847,0.7814228862442651,-0.15719961342822886,0.4220403927953352,2.5438937682306073,2.565087643144619,1
13.722,1.8452479550854026,4.2077938589826545,4.636939435636305,1.754879241717031,0.8192038097399799,0.07720229558219381,2.13906063211468,1.9207067876398891,1
13.782,2.17800894274331,4.704923974680395,5.506321712352047,2.3494609655896297,2.2763127336752165,-0.005494638996154988,1.27584536983383,0.5597732013699134,1
13.842,1.5804118857349014,3.221505223908102,3.149485618013634,1.4526771130633425,2.0394846724188787,0.9712625745469646,0.34523704255673104,0.5857474910085408,1
13.902000000000001,0.993562641785409,1.6380362117382967,0.9311259131797222,0.08234057271651744,1.0308565900329292,1.9199689393690356,0.3211481951610598,1.5882444438561958,1
13.962,1.1868642332495898,1.3162271920060415,1.7239106041842545,0.2621644047405501,0.5053077808396882,2.615704961933656,1.120063770758107,2.683935355764298,1
14.022,1.7966283412545556,2.930173571814828,4.145557294190676,1.4002291796994415,0.9028457406363416,2.4217218803134286,2.218431115165338,1.8955138050131612,1
14.082,3.8364321318630825,6.33723071755524,6.963036980765799,3.6752525463340864,3.8156799040626304,3.9411577698389153,3.5487172913520673,1.5824863679954977,1
14.142,6.1077166601310955,8.371987077606365,8.571345753133974,6.8926907980703795,8.71710675109264,10.618345179440693,4.686534464834899,4.392375489133004,1
14.202,5.54150649846638,6.102635606630266,5.968234064092354,6.947715076666976,9.445655380150324,13.30631251144577,4.787266495245134,5.77432308949475,1
14.262,4.544551493258782,4.384201601952832,3.5400570046881366,5.193304222207341,6.826425009196541,10.239066103513528,4.057899210175569,4.974892001346475,1
14.322,4.73439927156796,5.63642763678634,4.8012523114217736,5.099665775510723,5.874610892213146,9.483969494751705,3.6752574238105447,4.787571272018922,1
14.382,4.233151978408269,5.785387928009199,6.045180552914744,4.604609557062934,4.746464522964156,8.279742440442003,2.8551820844598446,3.7264108662364026,1
14.442,2.741908142022762,4.550785657002629,5.148371711790312,3.1666587520376477,2.247428589134817,4.101910013996798,1.2855958125689244,1.6696667680103003,1
14.501999999999999,0.5102011290629118,2.222555426651778,2.7682157410947466,1.5087404270363987,-0.3084881329823028,0.3550966512375197,0.3161015378707379,-0.09775892620231093,0
14.562000000000001,-0.5311410471337862,-0.15913655782275232,1.1341038589114942,0.17820154893929152,-1.1641285042481897,-1.2071117264467752,-0.1541841932124053,-0.9747622038290107,0
14.622,-0.33801989013549694,-0.7658364856183657,0.43203054618776676,-0.3940341129590971,-0.5144248338129215,-1.5969434647321519,-0.03384678336980445,-1.0341286588235612,0
14.682,-0.43369263670300756,-0.10429483707616559,-0.2896227964937491,-0.5195710161151579,-0.03415798190201538,-1.4793411269597705,0.21371591637020182,-0.9056167487226087,0
14.742,-0.5438060653252734,0.37308186343531347,-1.0010130876869534,-0.6054000022922053,-0.20222453086268796,-1.254752837049959,-0.27276562446070474,-0.6643683460655391,0
14.802,-0.5392044660601291,0.07222524744037842,-1.5689305876631474,-0.6671968697416196,-0.2561645716041144,-1.152164572822116,-0.7194842243352344,-0.7240028282535323,0
14.862,-0.6304928835118669,-0.681835966765996,-1.4388396135044765,-0.5241556591091885,-0.28844266635008853,-1.2875099516075152,-0.7524469973948723,-1.0445232239617752,0
14.922,-0.6554065042450314,-1.3425377595827668,-0.8018210926177765,-0.5238139949349518,-0.7331368580205827,-1.4912691715712236,-0.8773756555062274,-1.203871044101021,0
14.982,-0.8066179726041973,-1.540243712266645,-0.6247711353497721,-0.7577062370364435,-1.1015832519523012,-1.522901138599268,-1.1368548399838525,-1.326166768735667,0
15.042,-1.106608600536923,-1.4176389983362654,-0.8226934040204816,-0.7134292980845228,-0.8502227695250558,-1.363667061150518,-1.0547891271511232,-1.5269457864410418,0
15.102,-1.2692358261528807,-1.3937052104914096,-0.4812270122533732,-0.5188444985745134,-0.3035387176059642,-1.2595304747044416,-0.6992825171429234,-1.6640616924153975,0
15.161999999999999,-1.364820744811866,-1.5320408723200771,-0.3617815229655936,-0.674455152616611,0.10219670243463393,-1.2936808541615377,-0.47273343387259253,-1.6003765145762703,0
15.222,-1.3512833711856544,-1.4970915890928904,-0.9243441673890403,-0.9263758220308734,-0.024835935025060884,-1.1510808545813362,-0.5881523780035428,-1.2180721401421704,0
15.282,-1.0121063694728534,-1.0721836863919187,-1.386587420607939,-0.7992922825534795,-0.6022372070436219,-1.0656648402632871,-0.9791103666826327,-0.43181791619502624,0
15.342,-0.882857876634697,-0.7037388276720127,-1.564574638935582,-0.5907347882209105,-0.8223332726143481,-1.2158599502936018,-1.0016689562151306,-0.0428816656700017,0
15.402000000000001,-1.1470929853983456,-0.90411593283915,-1.3615348861460779,-0.824605809125884,-0.790283729718579,-0.8957418440049983,-0.5921435924582921,-0.5826868382578135,0
15.462,-1.0884032113914102,-1.0222687017950223,-0.8534121600593618,-1.0850865350413883,-0.7931409059189001,-0.22446234231870243,-0.4795002900431801,-0.9622108226557997,0
15.522,-0.9249474247741563,-0.9191515645402554,-0.819685872219209,-0.8612155727266259,-0.6265798049246086,-0.23647561062674508,-0.6644462624918707,-0.674267684584475,0
15.582,-0.7544964039985533,-1.2261934419070024,-1.1226622211599486,-0.35882920414968594,-0.5412566509800658,-0.8581966406976207,-0.7343489817013995,-0.6746548860327816,0
15.642,-0.5451259606460043,-1.4837844243417664,-1.034619046078176,0.23244280386885297,-0.4962122959312563,-1.252634825535926,-0.8497023778101259,-0.9442450769184073,0
15.702,-0.9097960998946855,-1.2770380484769073,-0.9428912992039816,0.46564125268161805,-0.19558369228289954,-1.173385643762196,-1.0773703295681207,-0.8129411684614153,0
15.762,-1.3098660286609916,-1.0113026449528786,-1.2055282736169417,-0.24856147670322878,-0.12205529181058246,-1.0729037774158803,-1.1941458799356213,-0.642889383309721,0
15.822,-1.1601684481809087,-0.9567174896189026,-1.2307632054810143,-0.8654597200213376,-0.4671491685550806,-1.1214747798026663,-0.8995913116262145,-0.4823949774506922,0
15.882,-0.6698269566538921,-1.117189784631642,-0.7258056013091457,-0.15690493693951443,-0.6680066509340644,-1.1383496202439474,-0.5116214071989469,-0.27964316996095845,0
15.942,0.00484632673689218,-1.3943320838520794,-0.5843078202893263,0.323938856978196,-0.6725205729969304,-1.103827775456242,-0.7028947042393155,-0.5812623078726292,0
16.002,0.2699951275741111,-1.210922362873056,-1.0739385266753787,-0.44672672653162887,-0.8245671224801249,-1.2515501353992657,-1.0588040463034991,-1.1244136685640351,0
16.062,-0.043395153568502765,-0.19692881429308964,-1.061347637535808,-1.009092939050838,-0.7048924473344479,-1.3407304729974363,-0.8965983890018377,-1.2987106645950763,0
16.122,-0.12050418104484632,0.48235880087123756,0.1884223378770075,-0.7036159018142826,-0.19082889840847153,-0.9858171249073622,-0.5939864341848089,-1.0321666477196425,0
16.182,-0.18545469429495332,-0.2607695136497893,1.120222468802926,-0.3565821945599114,-0.21593774807350616,-0.8979078931133754,-0.7014199124478889,-0.8114506052248364,0
16.242,-0.6955956448559691,-1.072797014800699,0.4687337706126247,-0.6503584349349216,-0.6464759161234698,-1.0526527408496278,-0.9663749432754146,-1.021275765186679,0
16.302,-0.9339311958291366,-0.4958731251210798,-0.6695842111096092,-1.1640232489075981,-0.7897374192816452,-0.6699485202072282,-1.102979588875195,-1.3125597056386444,0
16.362000000000002,-0.8720015465311969,0.007342044543304431,-1.5928206005055696,-1.362032254952496,-0.7282807362668705,-0.6025100302091857,-0.9754026148746203,-1.1696405153329277,0
16.422,-0.9988806566588709,-0.7083839329799101,-2.1019666080071535,-1.3931642326835698,-0.6364946706139414,-1.1117674667698527,-0.8777536492705617,-0.9747683942394816,0
16.482,-1.3081115201922577,-1.5101206097985829,-2.1126116308074523,-1.2948871470110754,-0.6464318322732935,-1.3161388913686043,-1.0205184865911858,-1.1318355989881026,0
16.542,-1.4380005608318498,-1.5838396043008103,-1.8770486003227067,-0.9417301109940289,-0.9219950212420911,-1.349455700976457,-0.948787243838438,-1.1039133406250363,0
16.602,-1.3105145759515704,-1.2481041219999336,-1.7088808277413563,-0.5634028735698301,-1.270006533058272,-1.2662959413310044,-0.8035963618669758,-0.8834556441723462,0
16.662,-1.122831203536905,-1.3501264668857893,-1.554066643154611,-0.37869084088619204,-1.309716873986422,-1.1460613108926851,-0.8770455506325595,-0.8374464278058763,0
16.722,-1.0593142187137718,-1.83660818998757,-1.4101971625728087,-0.7628023394044631,-1.171199785763499,-1.2534763837847556,-1.0286808299767638,-0.9141544837544048,0
16.782,-1.1858320575325492,-1.736439205140142,-1.5580262608793927,-1.3147298411804458,-1.0735893808557346,-1.3071394766904738,-1.1940764157889787,-1.1296025132289433,0
16.842,-1.346087679397458,-0.9839059816778151,-1.6303019039008888,-1.3227884850421396,-1.046252484439417,-1.3625529256428466,-1.1389891082590302,-1.3794159701983135,0
16.902,-1.4743304504692218,-0.6874593954461803,-1.4138225079678037,-1.0220769636563773,-1.0364139686917795,-1.5240132919594795,-0.9872128596467227,-1.3787236642435559,0
16.962,-1.4727883577557608,-1.0686287963021894,-1.3253027533970405,-0.402778103039472,-0.9737925268148482,-1.5260188497775715,-1.0745731897193902,-1.0692489347486054,0
17.022,-1.1142519421571448,-1.0749340813297847,-1.3333726385558007,-0.022454609472256554,-0.9197972508247355,-1.310938160886235,-1.1149999505605355,-0.6874688574893412,0
17.082,-0.7847184723977793,-0.8704273763329952,-1.1072913261548052,-0.5603123981679964,-0.9853423990733351,-0.8883970099701658,-1.0547780007148917,0.024504206013493502,0
17.142,-0.8460685213909644,-0.9822507698958863,-1.0057782557868735,-1.189900989861088,-0.9912215571164524,-0.5438736202272285,-0.9881894465806126,0.5989482885339422,0
17.201999999999998,-0.884064623808546,-0.6366009994767156,-1.316473529683852,-1.158038825314312,-0.7155456903621259,-0.7286260936625562,-0.962162949607463,0.017771951659202433,0
17.262,-0.8147409602971689,-0.2702307439306005,-1.4765517472847864,-0.562972285435514,-0.6705435361309613,-1.02455880238312,-1.0772615332905489,-0.8427800774368439,0
17.322,-0.6745123020507809,-0.5707199451597047,-1.4918290086328847,-0.12966433086873586,-0.8285408546173502,-0.8307137787017749,-1.1174672221020001,-1.3384403858137475,0
17.382,-0.15088044783086219,-0.6808888764307444,-1.4461153412305843,-0.4086537800941419,-0.19800026380187152,-0.652366966055849,-1.0096900225933274,-1.5647238373054997,0
17.442,-0.04371407844058663,-0.061978299525228854,-0.7537205138009441,-0.9048826433969391,0.42803525723568875,-0.8767100298971578,-0.8580693300546699,-1.185775862023294,0
17.502,-0.9603723293295451,0.47716124380474617,0.054019907454198324,-0.8771460702256978,0.038940995457223904,-0.9395087451973126,-0.6461073214876326,-0.7148623359060519,0
17.562,-1.6807957359179488,-0.0025827256601294777,-0.30570242767533673,-0.14786010751332357,-0.5736276926237,-0.8709401221530492,-0.4660366964556944,-0.6601412419860694,0
17.622,-1.4664922358928278,-0.7352724545879262,-1.1633839279173412,0.5037331343364745,-0.8474661068387913,-0.9153805355901942,-0.4597393840529696,-0.5006032675145115,0
17.682,-0.8864334234789003,-0.9935578413114005,-1.2508402745237814,0.5449485123003371,-0.45964482455764794,-0.8596901749937621,-0.5482819982848359,-0.22432513005777965,0
17.742,-0.5911638692679515,-1.1844062864607094,-0.9937483819907783,0.08290467844749465,0.46659102205725156,-0.6929191065119572,-0.737444458309043,-0.43983594450152763,0
17.802,-0.41562974820314613,-1.291498775030422,-0.38424677761839604,-0.5359760198908347,0.5946957665852799,-0.673822963073618,-0.9854017913033842,-1.1056555230794078,0
17.862000000000002,-0.445429289711087,-0.9859711633283288,0.32408229436112485,-0.6036399248081319,-0.02092526327737103,-0.8830166777878056,-1.1288758732446948,-1.3527533486286274,0
17.922,-0.7011414015992866,-0.7221766109333032,-0.05200327506987179,-0.4956624658068846,-0.46937017388950814,-1.1752420077255985,-1.0664538811248268,-1.0631938534973748,0
17.982,-0.6188618127150377,-1.069540897866676,-0.9263159478073826,-0.8209802168771457,-0.5954512107341713,-1.3950268165972137,-0.9304880383336744,-0.8862583907115121,0
18.042,-0.5049729989229929,-1.5966330214991624,-1.1702668177444326,-0.9523598465744998,-0.48992192058713185,-1.2660057682953627,-0.7292200247190966,-0.9917168520318919,0
18.102,-0.349069267682187,-1.6307555299761631,-1.0801286042490337,-0.9671192685822864,-0.4970289198885251,-1.0200285714193065,-0.48650661293849234,-1.3679073801913946,0
18.162,-0.1675852803818434,-1.4186512993173268,-1.1527476304229918,-1.109550363225316,-0.5439601901668272,-1.0257163191463068,-0.508901404432984,-1.742933999372075,0
18.222,-0.560044645880209,-1.3157827536232058,-1.3614322443966136,-0.4689785484090924,-0.27426288935110393,-1.1015420561434954,-0.5112290775858325,-1.7675120404442195,0
18.282,-1.079526729870481,-1.301945361840212,-1.5392518856532773,0.5775353700733025,0.5507168140328763,-1.1209543586954245,-0.5172151345793431,-1.261860725247548,0
18.342,-0.9341617050139438,-1.0520251784846733,-1.6036820776848029,0.6637033990078804,1.4176651766095827,-1.2914347360664733,-0.9067886359300134,-0.8871527634115051,0
