Time,Fused_z,Active_binary
62.0,0.10852877560589388,0
72.0,0.1401779438595334,0
82.0,0.1713847056602666,0
92.0,0.2013653775751707,0
102.0,0.22964259685437616,0
112.0,0.25569052533123626,0
122.0,0.2786708979979291,0
132.0,0.3002255978898106,0
142.0,0.31818856378138705,0
152.0,0.33226749629592034,0
162.0,0.3443609425814119,0
172.0,0.3571394257401168,0
182.0,0.3732337367271843,0
192.0,0.3944696899083309,0
202.0,0.42157390303198833,0
212.0,0.4543168185142008,0
222.0,0.4925032634307696,0
232.0,0.5334740761398058,0
242.0,0.5752006536625345,0
252.0,0.6171312653061798,0
262.0,0.6571505093165841,0
272.0,0.6933907588722512,0
282.0,0.7245828374659571,1
292.0,0.7499646299999754,1
302.0,0.769298022447791,1
312.0,0.782781116271661,1
322.0,0.790894182381394,1
332.0,0.7942414193775984,1
342.0,0.7934538533931004,1
352.0,0.7892024838252099,1
362.0,0.7823376423832916,1
372.0,0.7741206708052641,1
382.0,0.7664439906399265,1
392.0,0.7618531893130842,1
402.0,0.7631504384661396,1
412.0,0.7725125347757387,1
422.0,0.7904569214244657,1
432.0,0.8152795579180246,1
442.0,0.843327441005493,1
452.0,0.8699557892493728,1
462.0,0.890788206992903,1
472.0,0.9029152222988069,1
482.0,0.9057335028871154,1
492.0,0.9011911115956737,1
502.0,0.8932666360838708,1
512.0,0.8866289958475935,1
522.0,0.8847208744514939,1
532.0,0.8879891506882643,1
542.0,0.8932771269683568,1
552.0,0.8949817712472182,1
562.0,0.8876321744626322,1
572.0,0.8689394606969847,1
582.0,0.8424669430000546,1
592.0,0.8191247203454071,1
602.0,0.8158032769280283,1
612.0,0.8486667070424987,1
622.0,0.9230272417725991,1
632.0,1.0295599292570152,1
642.0,1.1505115177508614,1
652.0,1.2677446217345492,1
662.0,1.3672808838756807,1
672.0,1.4409259152871905,1
682.0,1.4863793360257198,1
692.0,1.506457723137493,1
702.0,1.5076384031061738,1
712.0,1.498096284382032,1
722.0,1.4855715341609868,1
732.0,1.4756150966918966,1
742.0,1.4707787936570118,1
752.0,1.4709478006128807,1
762.0,1.4744220192111128,1
772.0,1.479040582068403,1
782.0,1.4828496390792145,1
792.0,1.4842686798751816,1
802.0,1.4820380569528548,1
812.0,1.4752690025547044,1
822.0,1.4637292731040312,1
832.0,1.4482570357701574,1
842.0,1.4310297575047595,1
852.0,1.4153505244654192,1
862.0,1.4046908163979441,1
872.0,1.4010400702650614,1
882.0,1.403146463948254,1
892.0,1.405640744784605,1
902.0,1.3997850459981143,1
912.0,1.3757073656051844,1
922.0,1.3252644065641255,1
932.0,1.2446850844526764,1
942.0,1.1401739086206664,1
952.0,1.0327744506696497,1
962.0,0.9267166594287791,1
972.0,0.850217467202149,1
982.0,0.8209461918225982,1
992.0,0.839951935103042,1
1002.0,0.9025295847337578,1
1012.0,0.9744560842991652,1
1022.0,1.0365251408898384,1
1032.0,1.0809230798160607,1
1042.0,1.1008823005907347,1
1052.0,1.100673296372105,1
1062.0,1.0901359265135646,1
1072.0,1.0819383218009997,1
1082.0,1.0896628677312448,1
1092.0,1.1178043875658807,1
1102.0,1.1664587801492212,1
1112.0,1.2351994100490074,1
1122.0,1.315188661729277,1
1132.0,1.4001331857861674,1
1142.0,1.5081684672028053,1
1152.0,1.6117142478901114,1
1162.0,1.7069973242474978,1
1172.0,1.7915632416096148,1
1182.0,1.8632221211048594,1
1192.0,1.9204376698551586,1
1202.0,1.9628725007751489,1
1212.0,1.9916896027155528,1
1222.0,2.0093385234309715,1
1232.0,2.018815821854345,1
1242.0,2.0226673738922036,1
1252.0,2.0221657971458025,1
1262.0,2.0170601278512352,1
1272.0,2.0060614208814007,1
1282.0,1.9879033137411501,1
1292.0,1.962554201248004,1
1302.0,1.9320678107746083,1
1312.0,1.9006518769944156,1
1322.0,1.8737641031314576,1
1332.0,1.8563896680944534,1
1342.0,1.8510798550116294,1
1352.0,1.85662713806498,1
1362.0,1.8680693216432238,1
1372.0,1.8780111025086437,1
1382.0,1.878558549007244,1
1392.0,1.8630329552113207,1
1402.0,1.8270046089557428,1
1412.0,1.7686259564368134,1
1422.0,1.6884796113016702,1
1432.0,1.5891929769853421,1
1442.0,1.4750013875548555,1
1452.0,1.3629590798266007,1
1462.0,1.249046924478215,1
1472.0,1.1352140776122077,1
1482.0,1.0554087716934044,1
1492.0,0.9942615817679393,1
1502.0,0.9461244638075088,1
1512.0,0.9106359078963484,1
1522.0,0.8866269361178083,1
1532.0,0.872069410560788,1
1542.0,0.8642278699710546,1
1552.0,0.8602004259445457,1
1562.0,0.85757113059695,1
1572.0,0.8547585245756102,1
1582.0,0.8509912750182771,1
1592.0,0.8460589044643088,1
1602.0,0.8399515376578988,1
1612.0,0.8338925103527104,1
1622.0,0.8287827758327919,1
1632.0,0.8282182445287745,1
1642.0,0.8338211049692017,1
1652.0,0.8346416449669698,1
1662.0,0.829416533242203,1
1672.0,0.8187042959857553,1
1682.0,0.8048183662171049,1
1692.0,0.8046727227946567,1
1702.0,0.8269256176446207,1
1712.0,0.8598482907597393,1
1722.0,0.9006898571829624,1
1732.0,0.9492936473128081,1
1742.0,1.001640918575236,1
1752.0,1.0409538992922345,1
1762.0,1.0641317376799064,1
1772.0,1.0722465032520876,1
1782.0,1.0702052422258925,1
1792.0,1.0652658961732997,1
1802.0,1.0645580188561317,1
1812.0,1.072481362299935,1
1822.0,1.0894208052805758,1
1832.0,1.1125099640676182,1
1842.0,1.1376115288600248,1
1852.0,1.1664342561351755,1
1862.0,1.2026811184658999,1
1872.0,1.2350454448358423,1
1882.0,1.2621161404046286,1
1892.0,1.2830259952550465,1
1902.0,1.2973964776771836,1
1912.0,1.3053969965718646,1
1922.0,1.3077954123598943,1
1932.0,1.305870134844453,1
1942.0,1.3053583884307733,1
1952.0,1.3028697812793415,1
1962.0,1.2974799685375136,1
1972.0,1.2892994859137217,1
1982.0,1.2777298156705847,1
1992.0,1.2615850802944966,1
2002.0,1.2397189950957694,1
2012.0,1.2120343496523345,1
2022.0,1.180539351059993,1
2032.0,1.1499532372191834,1
2042.0,1.1272458751366132,1
2052.0,1.1196293869685074,1
2062.0,1.1314106299550832,1
2072.0,1.1615537033833927,1
2082.0,1.2115017429400434,1
2092.0,1.2826324234940918,1
2102.0,1.3508627542597413,1
2112.0,1.4105833588805035,1
2122.0,1.458031187558503,1
2132.0,1.4928263204935897,1
2142.0,1.5141875102331506,1
2152.0,1.5204832958093717,1
2162.0,1.5159637431423194,1
2172.0,1.5121023768477766,1
2182.0,1.499505431331899,1
2192.0,1.4863720750278366,1
2202.0,1.4844764010061913,1
2212.0,1.5146126227114227,1
2222.0,1.56558201165521,1
2232.0,1.6325994456247326,1
2242.0,1.7073535472993124,1
2252.0,1.7807586375728641,1
2262.0,1.8453034133849877,1
2272.0,1.896379551591256,1
2282.0,1.9325137963738976,1
2292.0,1.9547602234512276,1
2302.0,1.965645068036815,1
2312.0,1.9680600509480781,1
2322.0,1.9648548942175277,1
2332.0,1.9587121512240906,1
2342.0,1.9476000175016221,1
2352.0,1.9311617466797135,1
2362.0,1.9084018691270574,1
2372.0,1.8779856983740162,1
2382.0,1.838629250581418,1
2392.0,1.7896256348351822,1
2402.0,1.731481423842045,1
2412.0,1.6665219661831134,1
2422.0,1.5992267625172798,1
2432.0,1.535997305127677,1
2442.0,1.4840717237300634,1
2452.0,1.4495206429840408,1
2462.0,1.4348405922927392,1
2472.0,1.4373241560838506,1
2482.0,1.4492930349227262,1
2492.0,1.4601682402933926,1
2502.0,1.4592905846886037,1
2512.0,1.4383449065618616,1
2522.0,1.3928421470347323,1
2532.0,1.3226446128531288,1
2542.0,1.2352001371821166,1
2552.0,1.1837172037958044,1
2562.0,1.1500531139402457,1
2572.0,1.1315400027243776,1
2582.0,1.1142577470280843,1
2592.0,1.1039381121284737,1
2602.0,1.1098271837613924,1
2612.0,1.1601439860522773,1
2622.0,1.2478655572935504,1
2632.0,1.3506010939437496,1
2642.0,1.4679668010117586,1
2652.0,1.576601955806756,1
2662.0,1.670346102955878,1
2672.0,1.746010293381298,1
2682.0,1.8031900235760778,1
2692.0,1.8437428963959317,1
2702.0,1.881592563499081,1
2712.0,1.913365769772675,1
2722.0,1.9386016172599048,1
2732.0,1.9587787091850597,1
2742.0,1.9744079206603238,1
2752.0,1.9851506014981357,1
2762.0,1.9902584169968465,1
2772.0,1.9891386908067794,1
2782.0,1.9818099524295862,1
2792.0,1.969109834066857,1
2802.0,1.9526579305281313,1
2812.0,1.9346573216402205,1
2822.0,1.9176064186944983,1
2832.0,1.9086706951113885,1
2842.0,1.9080922529045048,1
2852.0,1.9138564099015059,1
2862.0,1.9241788264597188,1
2872.0,1.9354588545087608,1
2882.0,1.9427026069104167,1
2892.0,1.940404450516564,1
2902.0,1.9237214457202985,1
2912.0,1.8896121465370874,1
2922.0,1.8376056292098935,1
2932.0,1.7700248833259216,1
2942.0,1.6916627994171611,1
2952.0,1.608985798588594,1
2962.0,1.5289396352738431,1
2972.0,1.4598400188611673,1
2982.0,1.406671491001823,1
2992.0,1.3639153324472937,1
3002.0,1.3296522054656605,1
3012.0,1.3007489484002956,1
3022.0,1.2745957604891773,1
3032.0,1.2503440829140655,1
3042.0,1.229125839145385,1
3052.0,1.2131757141499961,1
3062.0,1.204272674017333,1
3072.0,1.202336078525595,1
3082.0,1.2049899465088623,1
3092.0,1.208289384174689,1
3102.0,1.2080681071453423,1
3112.0,1.2011407575405033,1
3122.0,1.1859023142019134,1
3132.0,1.162291188696071,1
3142.0,1.1313479741632015,1
3152.0,1.0946897124593171,1
3162.0,1.0706617289131999,1
3172.0,1.0604317076272265,1
3182.0,1.0472953709455906,1
3192.0,1.0320572287726821,1
3202.0,1.0155711332573403,1
3212.0,0.9983797504818845,1
3222.0,0.9803544084048376,1
3232.0,0.9605264764400054,1
3242.0,0.9372592603694718,1
3252.0,0.9087601970094816,1
3262.0,0.8737791048263328,1
3272.0,0.832282911190392,1
3282.0,0.7859474939123319,1
3292.0,0.7441125468303091,1
3302.0,0.7069219622409256,1
3312.0,0.6830919152398247,1
3322.0,0.6782759583954291,1
3332.0,0.682035988699558,1
3342.0,0.68906305098845,1
3352.0,0.6929053625888599,1
3362.0,0.6949619927247628,1
3372.0,0.6971962073884682,1
3382.0,0.6931437107295794,1
3392.0,0.6940947357539764,1
3402.0,0.6880061655872686,1
3412.0,0.6772362733978348,1
3422.0,0.6640892478472897,1
3432.0,0.6507855540000753,1
3442.0,0.6403420625695379,1
3452.0,0.6567050312599897,1
3462.0,0.7178392022725052,1
3472.0,0.8061216911177967,1
3482.0,0.9001359864226836,1
3492.0,0.9899434427630358,1
3502.0,1.066785510109268,1
3512.0,1.129853977012534,1
3522.0,1.1667511315637196,1
3532.0,1.1801947022216794,1
3542.0,1.1790115883499634,1
3552.0,1.1762474458429508,1
3562.0,1.1853532082154077,1
3572.0,1.2152412679601623,1
3582.0,1.2666477835319474,1
3592.0,1.3322763588025504,1
3602.0,1.4004279871097414,1
3612.0,1.459479853525849,1
3622.0,1.5012206231908831,1
3632.0,1.5226791285629517,1
3642.0,1.526689175123027,1
3652.0,1.5211944635093502,1
3662.0,1.5169628166645166,1
3672.0,1.523684369041358,1
3682.0,1.545896820122469,1
3692.0,1.5813438909949873,1
3702.0,1.622723337014602,1
3712.0,1.6610903012119638,1
3722.0,1.6888024606587668,1
3732.0,1.7011044108499898,1
3742.0,1.6964260430240923,1
3752.0,1.6758462728867747,1
3762.0,1.642203651576725,1
3772.0,1.5992406734769695,1
3782.0,1.5555321264573738,1
3792.0,1.5227755762304083,1
3802.0,1.4922637135381187,1
3812.0,1.4658754759229446,1
3822.0,1.4458602068941042,1
3832.0,1.4343402653642592,1
3842.0,1.4322662187632305,1
3852.0,1.4384408688209829,1
3862.0,1.449200698648307,1
3872.0,1.459172739512138,1
3882.0,1.4630984438302206,1
3892.0,1.4580447462237875,1
3902.0,1.4449249668175543,1
3912.0,1.4284319432546373,1
3922.0,1.4151172684562374,1
3932.0,1.4102806824251477,1
3942.0,1.4151597968298264,1
3952.0,1.4259740807097905,1
3962.0,1.4354856957216997,1
3972.0,1.4363802326970285,1
3982.0,1.4248613841307027,1
3992.0,1.4029880825832048,1
4002.0,1.3910856577284694,1
4012.0,1.3965883507530017,1
4022.0,1.423782654101887,1
4032.0,1.4737445422044027,1
4042.0,1.5399745826095228,1
4052.0,1.6115487171466722,1
4062.0,1.6778588628066067,1
4072.0,1.751609737150651,1
4082.0,1.8141640740387712,1
4092.0,1.860050043765317,1
4102.0,1.896568266447935,1
4112.0,1.9272023034701242,1
4122.0,1.9500163203949095,1
4132.0,1.9663933712110524,1
4142.0,1.9756841431781464,1
4152.0,1.976274685971695,1
4162.0,1.9669801585653275,1
4172.0,1.9480709415797592,1
4182.0,1.9216476741043484,1
4192.0,1.891330306305207,1
4202.0,1.8613203566321976,1
4212.0,1.8351318888025077,1
4222.0,1.8146618571775872,1
4232.0,1.8002202322654628,1
4242.0,1.7913873013223047,1
4252.0,1.7878547621629726,1
4262.0,1.789514290273508,1
4272.0,1.7957828119611234,1
4282.0,1.8047911459054484,1
4292.0,1.81309773674358,1
4302.0,1.816097968620712,1
4312.0,1.8088609091208039,1
4322.0,1.787074283538445,1
4332.0,1.7479138629363007,1
4342.0,1.6907213037355677,1
4352.0,1.6470239693911517,1
4362.0,1.5937245006430543,1
4372.0,1.5386925758779857,1
4382.0,1.4784911190123469,1
4392.0,1.4192738847468722,1
4402.0,1.3686704366005777,1
4412.0,1.3419427170138674,1
4422.0,1.3300211401761235,1
4432.0,1.3290651444095984,1
4442.0,1.3338735855877415,1
4452.0,1.339516869608401,1
4462.0,1.342478387064988,1
4472.0,1.3411446385619934,1
4482.0,1.3357972134683442,1
4492.0,1.3283509776114808,1
4502.0,1.3219813709337553,1
4512.0,1.3205753687704087,1
4522.0,1.3294828776504914,1
4532.0,1.3543832675214347,1
4542.0,1.3841651517265827,1
4552.0,1.4172340617373675,1
4562.0,1.4631849940672423,1
4572.0,1.5006295244477688,1
4582.0,1.5236089989026418,1
4592.0,1.5288749717728056,1
4602.0,1.5166349396223096,1
4612.0,1.490475602327265,1
4622.0,1.4565047687660386,1
4632.0,1.4219155928722909,1
4642.0,1.3933394712094598,1
4652.0,1.3754546812901605,1
4662.0,1.3702512827269546,1
4672.0,1.3770760557149502,1
4682.0,1.393237211781427,1
4692.0,1.4148004757641233,1
4702.0,1.4373564637154805,1
4712.0,1.4567713569868062,1
4722.0,1.4699888444807194,1
4732.0,1.4758223059090714,1
4742.0,1.4755191761396524,1
4752.0,1.472796400977188,1
4762.0,1.4730627353095018,1
4772.0,1.4817293035181343,1
4782.0,1.501976208103124,1
4792.0,1.5329507680655443,1
4802.0,1.5694796395491117,1
4812.0,1.6158294899896555,1
4822.0,1.6564516042496973,1
4832.0,1.6798321217812562,1
4842.0,1.6799102870475884,1
4852.0,1.6653833498305746,1
4862.0,1.628550969400683,1
4872.0,1.5750506623142502,1
4882.0,1.5143744965061052,1
4892.0,1.456665504165335,1
4902.0,1.4107447120995809,1
4912.0,1.3820528077138952,1
4922.0,1.378701642374815,1
4932.0,1.3869091568424192,1
4942.0,1.3971447445416687,1
4952.0,1.4040245696091294,1
4962.0,1.4035427011277666,1
4972.0,1.3937379795580311,1
4982.0,1.375039170310501,1
4992.0,1.3503380731198615,1
5002.0,1.3246781262741016,1
5012.0,1.3043329635505176,1
5022.0,1.2950971911371376,1
5032.0,1.2999786877986912,1
5042.0,1.3171817091162825,1
5052.0,1.3396724885964204,1
5062.0,1.3568641474439316,1
5072.0,1.3575971857756475,1
5082.0,1.333112847777943,1
5092.0,1.2798543706433525,1
5102.0,1.2296176793939186,1
5112.0,1.1608280457559847,1
5122.0,1.0893531327906048,1
5132.0,1.0358340454292663,1
5142.0,0.9994355012204238,1
5152.0,0.984551941370161,1
5162.0,0.9909640618478068,1
5172.0,1.013080911638283,1
5182.0,1.0431544256543392,1
5192.0,1.074026841850198,1
5202.0,1.1004581413317993,1
5212.0,1.1194244906108821,1
5222.0,1.1299824316978082,1
5232.0,1.1330200677154108,1
5242.0,1.1309371967980002,1
5252.0,1.1271272235964234,1
5262.0,1.1251219010421807,1
5272.0,1.12744538206094,1
5282.0,1.1345358440448559,1
5292.0,1.1442774886952591,1
5302.0,1.1524901200788424,1
5312.0,1.1542345204084783,1
5322.0,1.1454140830324007,1
5332.0,1.1241386477588065,1
5342.0,1.0915212725449124,1
5352.0,1.0547519963116274,1
5362.0,1.0193002814258723,1
5372.0,0.9890488881750086,1
5382.0,0.9696759374677479,1
5392.0,0.9672728564968875,1
5402.0,0.9785693163964277,1
5412.0,1.0006490073441383,1
5422.0,1.0237464577447324,1
5432.0,1.0387870494536102,1
5442.0,1.043023395483396,1
5452.0,1.0359444790605115,1
5462.0,1.0252136220861237,1
5472.0,1.008974984731627,1
5482.0,0.9869387994584293,1
5492.0,0.9781813928237078,1
5502.0,0.979017268200616,1
5512.0,1.0041099663616815,1
5522.0,1.0363755306777684,1
5532.0,1.0695754334487408,1
5542.0,1.0995438911015207,1
5552.0,1.1226013378594821,1
5562.0,1.1364229272422197,1
5572.0,1.1407548022916236,1
5582.0,1.1376138646697114,1
5592.0,1.1306532598516417,1
5602.0,1.1237204219865295,1
5612.0,1.1191736907949574,1
5622.0,1.1169119209803657,1
5632.0,1.1148196452328643,1
5642.0,1.1104117029683922,1
5652.0,1.102654021702855,1
5662.0,1.0929323488873632,1
5672.0,1.085625680042629,1
5682.0,1.091046289180135,1
5692.0,1.1035157496665307,1
5702.0,1.1218564336841181,1
5712.0,1.1499785598356944,1
5722.0,1.1974042416868915,1
5732.0,1.242836018653223,1
5742.0,1.2816707165748769,1
5752.0,1.3106901514842664,1
5762.0,1.3281742941184693,1
5772.0,1.333697796462039,1
5782.0,1.3278040573468126,1
5792.0,1.311683801760037,1
5802.0,1.286940198964944,1
5812.0,1.255508854401863,1
5822.0,1.2197602087605168,1
5832.0,1.1826813211566258,1
5842.0,1.1478449127632095,1
5852.0,1.1187983997117787,1
5862.0,1.0978118954668543,1
5872.0,1.0846829955883595,1
5882.0,1.0767770755446415,1
5892.0,1.0706630237976846,1
5902.0,1.0642935132801248,1
5912.0,1.0583479545444354,1
5922.0,1.0560426076835614,1
5932.0,1.0614765666699413,1
5942.0,1.0830162721283194,1
5952.0,1.1167890020907238,1
5962.0,1.1556125098139445,1
5972.0,1.1940529531160187,1
5982.0,1.2273533975493338,1
5992.0,1.252637297735113,1
6002.0,1.2691577914369039,1
6012.0,1.2778370677247595,1
6022.0,1.2805211456598373,1
6032.0,1.2793069175218594,1
6042.0,1.2761116440553253,1
6052.0,1.2724790681536402,1
6062.0,1.26953854661184,1
6072.0,1.2680430177864666,1
6082.0,1.2684359820148954,1
6092.0,1.2709021639988074,1
6102.0,1.275369272664476,1
6112.0,1.317583011723034,1
6122.0,1.3623916406133882,1
6132.0,1.403560404526627,1
6142.0,1.4375777296949317,1
6152.0,1.4623930830676037,1
6162.0,1.4775803313261067,1
6172.0,1.4856161667541339,1
6182.0,1.4988701668100322,1
6192.0,1.5045950247469024,1
6202.0,1.5053677046205696,1
6212.0,1.503904731165823,1
6222.0,1.502829792955744,1
6232.0,1.5044990910922769,1
6242.0,1.5107355970755134,1
6252.0,1.522379675733916,1
6262.0,1.5388070911758804,1
6272.0,1.5577866530537277,1
6282.0,1.575966218918846,1
6292.0,1.5898774801841964,1
6302.0,1.5970092158595905,1
6312.0,1.6160608151025393,1
6322.0,1.6447124654092575,1
6332.0,1.6708991481975357,1
6342.0,1.6947539637017726,1
6352.0,1.7160552163700995,1
6362.0,1.733913039117862,1
6372.0,1.7693955807598925,1
6382.0,1.8003128550983625,1
6392.0,1.817224826922166,1
6402.0,1.8175452354748025,1
6412.0,1.8007094974210918,1
6422.0,1.7685766921311308,1
6432.0,1.7255186018938335,1
6442.0,1.6779822469643928,1
6452.0,1.6333701864318197,1
6462.0,1.5984226906426904,1
6472.0,1.5777448955275695,1
6482.0,1.5731182001266855,1
6492.0,1.5836059192819079,1
6502.0,1.6060454250500937,1
6512.0,1.6357399740495355,1
6522.0,1.6673422809432008,1
6532.0,1.695749405036156,1
6542.0,1.7167466703556937,1
6552.0,1.7273156098722906,1
6562.0,1.72570706578328,1
6572.0,1.7178791786058296,1
6582.0,1.7013460871461707,1
6592.0,1.675688066594804,1
6602.0,1.6446251900699838,1
6612.0,1.6114748990694845,1
6622.0,1.5807681802331748,1
6632.0,1.5562301141222368,1
6642.0,1.5459922065500202,1
6652.0,1.561652702489865,1
6662.0,1.5856232163977804,1
6672.0,1.6130991037214386,1
6682.0,1.6399537754678555,1
6692.0,1.6654709911683643,1
6702.0,1.6867289037291007,1
6712.0,1.703866979724074,1
6722.0,1.7179704287585156,1
6732.0,1.7300559844606251,1
6742.0,1.740097161235425,1
6752.0,1.7465663437453591,1
6762.0,1.7467392903474543,1
6772.0,1.7376359256963818,1
6782.0,1.7171980711819042,1
6792.0,1.6852550929483232,1
6802.0,1.6487056640267863,1
6812.0,1.6097550105875214,1
6822.0,1.5728811985859517,1
6832.0,1.5431625538391214,1
6842.0,1.5236143830055187,1
6852.0,1.5144551910111226,1
6862.0,1.5135029497126895,1
6872.0,1.5173367607066615,1
6882.0,1.5225153382367032,1
6892.0,1.5263369339611699,1
6902.0,1.5270363143929853,1
6912.0,1.5235962305209483,1
6922.0,1.5154131858409698,1
6932.0,1.5020098217306934,1
6942.0,1.4829186455967365,1
6952.0,1.4577647123922817,1
6962.0,1.4264701283951329,1
6972.0,1.389478151413266,1
6982.0,1.3575570991463586,1
6992.0,1.3408510185949358,1
7002.0,1.3189925818755597,1
7012.0,1.2947820438430078,1
7022.0,1.272124795991526,1
7032.0,1.2552388047787264,1
7042.0,1.2477880689531629,1
7052.0,1.2521319357593985,1
7062.0,1.2686188173325328,1
7072.0,1.2949800613119258,1
7082.0,1.3262740818025447,1
7092.0,1.3557527246678567,1
7102.0,1.3764251803258394,1
7112.0,1.382703422919104,1
7122.0,1.3716487351227342,1
7132.0,1.3436412063274965,1
7142.0,1.3024434520852985,1
7152.0,1.2546286436803888,1
7162.0,1.20831087269049,1
7172.0,1.17119048170087,1
7182.0,1.1482707708922848,1
7192.0,1.1401662652775022,1
7202.0,1.143048732844362,1
7212.0,1.1503246675059011,1
7222.0,1.1549478909924644,1
7232.0,1.151215524882836,1
7242.0,1.1356823202355817,1
7252.0,1.1073878474623629,1
7262.0,1.0676774630050663,1
7272.0,1.0197974325127654,1
7282.0,0.9683379647488258,1
7292.0,0.9263062026349673,1
7302.0,0.8996564575684451,1
7312.0,0.8785960211422231,1
7322.0,0.8604139179983176,1
7332.0,0.840341588250985,1
7342.0,0.813006011156128,1
7352.0,0.7741992963332551,1
7362.0,0.722332373889452,1
7372.0,0.667536885010715,1
7382.0,0.6106089690178197,1
7392.0,0.5577477238341786,1
7402.0,0.5082559120626656,1
7412.0,0.4647345987306535,1
7422.0,0.43464567211002936,1
7432.0,0.4133923399627674,0
7442.0,0.39771677247696435,0
7452.0,0.3855786329428333,0
7462.0,0.3736765992465398,0
7472.0,0.358704964048825,0
7482.0,0.3390698953857691,0
7492.0,0.31793451392181155,0
7502.0,0.29845181112661257,0
7512.0,0.2772582656657795,0
7522.0,0.2577279822564751,0
7532.0,0.23886608285070576,0
7542.0,0.22146104803136463,0
7552.0,0.20614084922683223,0
7562.0,0.1983183518072609,0
7572.0,0.19255312133334945,0
7582.0,0.18866658823818747,0
7592.0,0.18651270111715396,0
7602.0,0.18565348570344437,0
7612.0,0.1852416743773898,0
7622.0,0.1840558415228476,0
7632.0,0.18070393677414762,0
7642.0,0.17392743337382383,0
7652.0,0.1629059233950955,0
7662.0,0.1474920278606439,0
7672.0,0.12834736556937001,0
7682.0,0.10808363859591809,0
7692.0,0.08946648227520054,0
7702.0,0.07457685155334096,0
7712.0,0.06250032376405638,0
7722.0,0.055557371803308934,0
7732.0,0.05604155908149934,0
7742.0,0.057369541044988016,0
7752.0,0.05872455881427553,0
7762.0,0.05968943646947665,0
7772.0,0.06021090398834511,0
7782.0,0.061109856612357495,0
7792.0,0.06199964475000763,0
7802.0,0.06271960819396458,0
7812.0,0.06322793947375199,0
7822.0,0.063467737000629,0
7832.0,0.06338274084683693,0
7842.0,0.06290463224126902,0
7852.0,0.0619475508445049,0
7862.0,0.06044081522180723,0
7872.0,0.058405523321872065,0
7882.0,0.05604583472901617,0
7892.0,0.05379290457726687,0
7902.0,0.052234519823933984,0
7912.0,0.05467619241041374,0
7922.0,0.06084663783560971,0
7932.0,0.06877548769205594,0
7942.0,0.07933816668233795,0
7952.0,0.09023626816112802,0
7962.0,0.10033321397024841,0
7972.0,0.1100640049336782,0
7982.0,0.11773430864777468,0
7992.0,0.12386248811177548,0
8002.0,0.1279646449179192,0
8012.0,0.13017619232240207,0
8022.0,0.13134698507567164,0
8032.0,0.131916073655098,0
8042.0,0.13141958734710016,0
8052.0,0.13017887200955097,0
8062.0,0.12853117064261993,0
8072.0,0.12676529631928027,0
8082.0,0.12512482113528053,0
8092.0,0.12397290828428156,0
8102.0,0.12372471607725141,0
8112.0,0.12433591936753927,0
8122.0,0.12609773306180055,0
8132.0,0.12922934275474837,0
8142.0,0.13385239739417193,0
8152.0,0.1399999045171463,0
8162.0,0.14762386117197723,0
8172.0,0.1565769351308771,0
8182.0,0.16656561732030142,0
8192.0,0.17709269386362125,0
8202.0,0.1874225457682368,0
8212.0,0.19660785769172617,0
8222.0,0.2036030603387815,0
8232.0,0.20745886351506027,0
8242.0,0.20755695197047713,0
8252.0,0.2038216443329982,0
8262.0,0.19684466973763715,0
8272.0,0.1878757824982336,0
8282.0,0.17865544064737238,0
8292.0,0.17109292342696894,0
8302.0,0.16683689966715237,0
8312.0,0.16686214861561546,0
8322.0,0.17126100617315215,0
8332.0,0.17935745535727476,0
8342.0,0.19005920725715514,0
8352.0,0.20223508561843273,0
8362.0,0.21495503958594192,0
8372.0,0.2275555285276506,0
8382.0,0.23958216082136155,0
8392.0,0.25068977261680314,0
8402.0,0.2605672508535071,0
8412.0,0.26891943164152465,0
8422.0,0.27549714742541476,0
8432.0,0.2801389809355327,0
8442.0,0.282789317582785,0
8452.0,0.2834817823258253,0
8462.0,0.2823038551320046,0
8472.0,0.27937011783537813,0
8482.0,0.27482799877669695,0
8492.0,0.2689097684552774,0
8502.0,0.26202880279986074,0
8512.0,0.25488901653516927,0
8522.0,0.2485357458378564,0
8532.0,0.2442521520006506,0
8542.0,0.2432475604098593,0
8552.0,0.24622113950460733,0
8562.0,0.2534153064420259,0
8572.0,0.2638733295411329,0
8582.0,0.2758136797742897,0
8592.0,0.28756463298566404,0
8602.0,0.2976359596786105,0
8612.0,0.3060153976912701,0
8622.0,0.3111776307383262,0
8632.0,0.31250576695204246,0
8642.0,0.3101721607749118,0
8652.0,0.3048035437069305,0
8662.0,0.2974788870823011,0
8672.0,0.28970142809098265,0
8682.0,0.2832962618766509,0
8692.0,0.28017299022895015,0
8702.0,0.28190749313806385,0
8712.0,0.2892089258789159,0
8722.0,0.3015639345993314,0
8732.0,0.3173762619800983,0
8742.0,0.33452030677507427,0
8752.0,0.35093014771438613,0
8762.0,0.3649951770341453,0
8772.0,0.37575197370180025,0
8782.0,0.38291730369669325,0
8792.0,0.3867901900122802,0
8802.0,0.3880471989241264,0
8812.0,0.3874735681166726,0
8822.0,0.385697394501908,0
8832.0,0.3830055107300011,0
8842.0,0.3793021640972226,0
8852.0,0.37422560220382123,0
8862.0,0.3673844300273903,0
8872.0,0.358639066142037,0
8882.0,0.3483387479084212,0
8892.0,0.33742154899628507,0
8902.0,0.3272959569535898,0
8912.0,0.3194791889151254,0
8922.0,0.31509608961472635,0
8932.0,0.31447079052637117,0
8942.0,0.3170087563912294,0
8952.0,0.32190197967362966,0
8962.0,0.32750454112924426,0
8972.0,0.3309061797151008,0
8982.0,0.3304201133639641,0
8992.0,0.32491348006257925,0
9002.0,0.314068043747382,0
9012.0,0.2985954174813669,0
9022.0,0.2803725604655346,0
9032.0,0.26238738976230025,0
9042.0,0.2482827088211606,0
9052.0,0.24261610799833044,0
9062.0,0.24739188281727698,0
9072.0,0.2617209563700604,0
9082.0,0.2800196632482625,0
9092.0,0.3006754529601746,0
9102.0,0.3230313450796083,0
9112.0,0.342510639758691,0
9122.0,0.35764896070969765,0
9132.0,0.3679973581927839,0
9142.0,0.3739360803171856,0
9152.0,0.37642486458143287,0
9162.0,0.37673345937196423,0
9172.0,0.37616317153439977,0
9182.0,0.37577528159076934,0
9192.0,0.37616944111340556,0
9202.0,0.37738154754637665,0
9212.0,0.3789570436822028,0
9222.0,0.38018208055784575,0
9232.0,0.3803767015555906,0
9242.0,0.3791452630754518,0
9252.0,0.37652601257974133,0
9262.0,0.37302066698705594,0
9272.0,0.36949468272993957,0
9282.0,0.3669423572111078,0
9292.0,0.36613429787048046,0
9302.0,0.3672237567169869,0
9312.0,0.3694764044130632,0
9322.0,0.3713185083866226,0
9332.0,0.3707497920822621,0
9342.0,0.3659335502009534,0
9352.0,0.35570393032244824,0
9362.0,0.34211440396435966,0
9372.0,0.32352349370030414,0
9382.0,0.30087476562227944,0
9392.0,0.2760509035932071,0
9402.0,0.2513543623884709,0
9412.0,0.22931308271108425,0
9422.0,0.21245112865661142,0
9432.0,0.20290862246078312,0
9442.0,0.2018833949811019,0
9452.0,0.20919203685766258,0
9462.0,0.2233763365457617,0
9472.0,0.24229600938232654,0
9482.0,0.26373194705282677,0
9492.0,0.2857372766848326,0
9502.0,0.3067926008468896,0
9512.0,0.325874634290977,0
9522.0,0.3424744364847951,0
9532.0,0.35655012346669057,0
9542.0,0.3683950552194983,0
9552.0,0.37843080625351133,0
9562.0,0.3869758448973625,0
9572.0,0.3940720155867331,0
9582.0,0.39944545852145985,0
9592.0,0.40262741051666306,0
9602.0,0.4031873815627759,0
9612.0,0.400978848129829,0
9622.0,0.3962928602932861,0
9632.0,0.39052577446725273,0
9642.0,0.38531051085695955,0
9652.0,0.3799280716644275,0
9662.0,0.3750785130953683,0
9672.0,0.371159344610393,0
9682.0,0.3682914536298044,0
9692.0,0.3664289185211287,0
9702.0,0.3654406919781076,0
9712.0,0.3650865163910661,0
9722.0,0.36492455721298334,0
9732.0,0.364271672106933,0
9742.0,0.3622807389890116,0
9752.0,0.35808556358969207,0
9762.0,0.35093891810725036,0
9772.0,0.34031304415004054,0
9782.0,0.32596172001760193,0
9792.0,0.30794525393097844,0
9802.0,0.2866164796358539,0
9812.0,0.26257010524303104,0
9822.0,0.23656935262216391,0
9832.0,0.20947455048628036,0
9842.0,0.18219756548366078,0
9852.0,0.15568857954171192,0
9862.0,0.1309350759312608,0
9872.0,0.11640567591714245,0
9882.0,0.10476689895017609,0
9892.0,0.09524742406493913,0
9902.0,0.08805304304434103,0
9912.0,0.0831751730360246,0
9922.0,0.08047279792463112,0
9932.0,0.07982069532462079,0
9942.0,0.08119965678026508,0
9952.0,0.08466226498297796,0
9962.0,0.09018394594220677,0
9972.0,0.09797515867554446,0
9982.0,0.10872909688096011,0
9992.0,0.12007708909299923,0
10002.0,0.13053109710029967,0
10012.0,0.13860262388085892,0
10022.0,0.14314038792313646,0
10032.0,0.1436005470424812,0
10042.0,0.14019503061644248,0
10052.0,0.13387835437641704,0
10062.0,0.13030619583793285,0
10072.0,0.1280166469972784,0
10082.0,0.12659675338293547,0
10092.0,0.12644320306577428,0
10102.0,0.12729951351545038,0
10112.0,0.12852056183919655,0
10122.0,0.1294384400180041,0
10132.0,0.129636388705206,0
10142.0,0.1290483738165752,0
10152.0,0.12790862931978716,0
10162.0,0.1266182143541808,0
10172.0,0.12559213398922334,0
10182.0,0.12513200575209527,0
10192.0,0.12535040490237076,0
10202.0,0.12615336523523096,0
10212.0,0.12726543595940915,0
10222.0,0.12826749679462982,0
10232.0,0.12862401680490815,0
10242.0,0.12769962700821486,0
10252.0,0.12478610805928264,0
10262.0,0.11916493482482918,0
10272.0,0.11021671075707126,0
10282.0,0.09756852986888735,0
10292.0,0.08125586578659443,0
10302.0,0.06187137124542078,0
10312.0,0.04067512610270355,0
10322.0,0.022981238928219475,0
10332.0,0.015294731271451114,0
10342.0,0.010529300754578114,0
10352.0,0.007857229278366575,0
10362.0,0.0073753615165184,0
10372.0,0.009130109642742487,0
10382.0,0.010898928317690102,0
10392.0,0.012332562109164414,0
10402.0,0.013315399662590429,0
10412.0,0.013998435204906462,0
10422.0,0.013916565191617911,0
10432.0,0.013258636455944061,0
10442.0,0.012767441062269255,0
10452.0,0.0125977619094641,0
10462.0,0.013157753467963131,0
10472.0,0.014196633865044113,0
10482.0,0.01730615068008131,0
10492.0,0.023233927050954,0
10502.0,0.03043818266158009,0
10512.0,0.03677243724971091,0
10522.0,0.0414921001729882,0
10532.0,0.04433996330854061,0
10542.0,0.04553542275672198,0
10552.0,0.04562389002231785,0
10562.0,0.04524883892156906,0
10572.0,0.0450565373802556,0
10582.0,0.04583150042277262,0
10592.0,0.04672885374084616,0
10602.0,0.04774307650531916,0
10612.0,0.04886385754817188,0
10622.0,0.05006674993189464,0
10632.0,0.05126284332733365,0
10642.0,0.053084309045619796,0
10652.0,0.05441719458050382,0
10662.0,0.0548239176172369,0
10672.0,0.053999213949202915,0
10682.0,0.05178463255064031,0
10692.0,0.04827062981622378,0
10702.0,0.0453060436022317,0
10712.0,0.043829110240527394,0
10722.0,0.04231185604179041,0
10732.0,0.04093618752206135,0
10742.0,0.03975520268210145,0
10752.0,0.0386999470950994,0
10762.0,0.03789262878198434,0
10772.0,0.03796064249974711,0
10782.0,0.03829029226010697,0
10792.0,0.03896511375938283,0
10802.0,0.04006896284311388,0
10812.0,0.041807875308336254,0
10822.0,0.04403203054194113,0
10832.0,0.04639185989292462,0
10842.0,0.048771802234397865,0
10852.0,0.05111059354594382,0
10862.0,0.0532807491656444,0
10872.0,0.055377398160605065,0
10882.0,0.05739714226833871,0
10892.0,0.0593521838296562,0
10902.0,0.06122800230628465,0
10912.0,0.06299910963702332,0
10922.0,0.06466554264349492,0
10932.0,0.06628908683101493,0
10942.0,0.06800533267694704,0
10952.0,0.06999645632964589,0
10962.0,0.07242885446345027,0
10972.0,0.07821212460809612,0
10982.0,0.08450263919850108,0
10992.0,0.09084947351076689,0
11002.0,0.09686482231650914,0
11012.0,0.10224173818950784,0
11022.0,0.10853397629373532,0
11032.0,0.1155166840344275,0
11042.0,0.12168955210792279,0
11052.0,0.12705128307625568,0
11062.0,0.13167813703490464,0
11072.0,0.13569403559598814,0
11082.0,0.1392401504595373,0
11092.0,0.14245241110474754,0
11102.0,0.14545627213751017,0
11112.0,0.14838494536404678,0
11122.0,0.15141832855577972,0
11132.0,0.15482753993879333,0
11142.0,0.15899900735060063,0
11152.0,0.16440737268479821,0
11162.0,0.17151727303887465,0
11172.0,0.1806330954417393,0
11182.0,0.19177040955411712,0
11192.0,0.21032211238034704,0
11202.0,0.2343456954159821,0
11212.0,0.2592503777628522,0
11222.0,0.28429206780237504,0
11232.0,0.3143906609014522,0
11242.0,0.343466053920372,0
11252.0,0.37104613526426056,0
11262.0,0.3971223564657886,0
11272.0,0.42176515407995374,0
11282.0,0.4449546245639446,0
11292.0,0.4663924934523498,0
11302.0,0.48688900979920086,0
11312.0,0.5042280462868153,0
11322.0,0.5165424090356266,0
11332.0,0.5232264037443707,0
11342.0,0.525178824018923,0
11352.0,0.5259549117187691,0
11362.0,0.5326258241226877,0
11372.0,0.5613365915556232,0
11382.0,0.6283572782685267,0
11392.0,0.7309978907345968,1
11402.0,0.8627216092798613,1
11412.0,1.0117099477587053,1
11422.0,1.1645316650324073,1
11432.0,1.3085602023587792,1
11442.0,1.433563032795572,1
11452.0,1.5327870226904072,1
11462.0,1.603535759841778,1
11472.0,1.647122677421542,1
11482.0,1.668149361952595,1
11492.0,1.67321852918714,1
11502.0,1.6693696659407264,1
11512.0,1.662638579494709,1
11522.0,1.6571084498106512,1
11532.0,1.6546219253467491,1
11542.0,1.6550680048996196,1
11552.0,1.6570128779568343,1
11562.0,1.6584743584579116,1
11572.0,1.6577391647115487,1
11582.0,1.6541440187832412,1
11592.0,1.64865043846156,1
11602.0,1.6520165578188313,1
11612.0,1.6656684947121803,1
11622.0,1.6886011370976677,1
11632.0,1.7232370505168149,1
11642.0,1.7736154609785104,1
11652.0,1.8192010240517176,1
11662.0,1.85279954228668,1
11672.0,1.8683082915849965,1
11682.0,1.8617068624944189,1
11692.0,1.8316177819080814,1
11702.0,1.779403262717999,1
11712.0,1.708883707929982,1
11722.0,1.6258002441840378,1
11732.0,1.5371287515338823,1
11742.0,1.454038602356371,1
11752.0,1.4078640869192207,1
11762.0,1.3682843014094987,1
11772.0,1.337376396964471,1
11782.0,1.3379585897468425,1
11792.0,1.341244830978662,1
11802.0,1.3441720185827148,1
11812.0,1.3469629677831267,1
11822.0,1.3503183578091278,1
11832.0,1.3550433646975977,1
11842.0,1.3617712473089545,1
11852.0,1.3706411125431657,1
11862.0,1.3808204011356313,1
11872.0,1.3900290092362413,1
11882.0,1.3944453385730584,1
11892.0,1.3892401765234057,1
11902.0,1.3722929012157215,1
11912.0,1.3431120263684195,1
11922.0,1.3072094465444821,1
11932.0,1.2572648040133343,1
11942.0,1.2091401142206055,1
11952.0,1.1817116162391963,1
11962.0,1.1655899436656563,1
11972.0,1.1685979011795045,1
11982.0,1.1941751617666423,1
11992.0,1.239513539425026,1
12002.0,1.299687981189322,1
12012.0,1.358946639410644,1
12022.0,1.4065213907079948,1
12032.0,1.4351504853700694,1
12042.0,1.442554898072928,1
12052.0,1.442404603463692,1
12062.0,1.4398416153804836,1
12072.0,1.4354230488288917,1
12082.0,1.434889060352686,1
12092.0,1.4431488741429148,1
12102.0,1.4518021347303924,1
12112.0,1.4603085242205567,1
12122.0,1.4687627038833317,1
12132.0,1.475109809709867,1
12142.0,1.4899649665216521,1
12152.0,1.502037875121276,1
12162.0,1.506501646353873,1
12172.0,1.5081033944388818,1
12182.0,1.508013151220031,1
12192.0,1.5049572498373858,1
12202.0,1.5011425378852525,1
12212.0,1.4980114014380206,1
12222.0,1.498638411938156,1
12232.0,1.5009051485722376,1
12242.0,1.5027975869338686,1
12252.0,1.5049598513310638,1
12262.0,1.4976943209164693,1
12272.0,1.48397933052296,1
12282.0,1.463754736301045,1
12292.0,1.4336491005577314,1
12302.0,1.393528299561888,1
12312.0,1.3441972815879932,1
12322.0,1.288307860381284,1
12332.0,1.2423529942701794,1
12342.0,1.215159218493148,1
12352.0,1.2148298836055578,1
12362.0,1.2363258664674406,1
12372.0,1.26140912855662,1
12382.0,1.2801277882324222,1
12392.0,1.2888555194362112,1
12402.0,1.2840593021828879,1
12412.0,1.2665711750205517,1
12422.0,1.2449995253687478,1
12432.0,1.2301383947342555,1
12442.0,1.2312891599505167,1
12452.0,1.2523922932231952,1
12462.0,1.290347655120713,1
12472.0,1.3367245645154657,1
12482.0,1.3814438445367863,1
12492.0,1.4160920982471805,1
12502.0,1.4356646168527332,1
12512.0,1.4388580500250367,1
12522.0,1.4275218930969649,1
12532.0,1.4057798833827388,1
12542.0,1.3790594141719534,1
12552.0,1.355388033454469,1
12562.0,1.346751711686075,1
12572.0,1.3408032308073776,1
12582.0,1.3385572520018696,1
12592.0,1.338759058629265,1
12602.0,1.3379413256454225,1
12612.0,1.3314156253551608,1
12622.0,1.3148181541652122,1
12632.0,1.2855874045467703,1
12642.0,1.243906447233662,1
12652.0,1.2148510569807243,1
12662.0,1.1949344514507243,1
12672.0,1.1786556693695671,1
12682.0,1.1682247160722452,1
12692.0,1.1634642819664682,1
12702.0,1.1713264600529132,1
12712.0,1.1753502528026432,1
12722.0,1.172472978781823,1
12732.0,1.159720861434468,1
12742.0,1.1347495806302779,1
12752.0,1.0963128237770823,1
12762.0,1.0569234017408005,1
12772.0,1.0214908413493609,1
12782.0,0.9787211926974428,1
12792.0,0.9316142908339942,1
12802.0,0.882872930465279,1
12812.0,0.8396856637864648,1
12822.0,0.814735199909282,1
12832.0,0.7953353556383248,1
12842.0,0.781570305843315,1
12852.0,0.7883924023236203,1
12862.0,0.8032936253128569,1
12872.0,0.8194458545723414,1
12882.0,0.8368717992523615,1
12892.0,0.8557026264237464,1
12902.0,0.8751702085367258,1
12912.0,0.8931459692598427,1
12922.0,0.906501781246314,1
12932.0,0.912088206243333,1
12942.0,0.9078513702769919,1
12952.0,0.8936838228475039,1
12962.0,0.8717641917307735,1
12972.0,0.854604791441798,1
12982.0,0.8512612239467551,1
12992.0,0.8525978683702728,1
13002.0,0.8593992316778813,1
13012.0,0.870568515889955,1
13022.0,0.891563583723332,1
13032.0,0.9170409122526544,1
13042.0,0.9328261447608822,1
13052.0,0.9381624747773658,1
13062.0,0.9349085206505529,1
13072.0,0.9272897703573229,1
13082.0,0.9208250938031042,1
13092.0,0.9205151231912547,1
13102.0,0.9288864764828684,1
13112.0,0.9449563475347794,1
13122.0,0.9648160944482176,1
13132.0,0.9833760880791498,1
13142.0,0.9999431746863003,1
13152.0,1.0087981036215967,1
13162.0,1.0057720923411821,1
13172.0,0.9923325291935087,1
13182.0,0.9713169749221231,1
13192.0,0.9459132165138966,1
13202.0,0.9188549193059791,1
13212.0,0.8930558559181918,1
13222.0,0.868079525411718,1
13232.0,0.8544606756353068,1
13242.0,0.840296759924364,1
13252.0,0.8293088561034545,1
13262.0,0.823262694784008,1
13272.0,0.8178464277149933,1
13282.0,0.8098002601485764,1
13292.0,0.7993387746263974,1
13302.0,0.7914509742784064,1
13312.0,0.7791199358971284,1
13322.0,0.7643986864769443,1
13332.0,0.7576254503438562,1
13342.0,0.7638618769069577,1
13352.0,0.7760915196542407,1
13362.0,0.7928956483735516,1
13372.0,0.8103491244229798,1
13382.0,0.8232581983274905,1
13392.0,0.826937096962912,1
13402.0,0.8186437858314753,1
13412.0,0.7983220202241845,1
13422.0,0.768677028439868,1
13432.0,0.7346681303674517,1
13442.0,0.7024576905157928,1
13452.0,0.6779116780392993,1
13462.0,0.674735126515675,1
13472.0,0.6845248280733963,1
13482.0,0.6970773788348559,1
13492.0,0.7128105892100305,1
13502.0,0.7290427354469081,1
13512.0,0.7403053734967047,1
13522.0,0.7456434463942254,1
13532.0,0.7460242133601559,1
13542.0,0.7446239635154243,1
13552.0,0.7463393044504596,1
13562.0,0.7560124958403025,1
13572.0,0.7758094077911746,1
13582.0,0.807387757456483,1
13592.0,0.8574210321903049,1
13602.0,0.9027198801318941,1
13612.0,0.9359518890775247,1
13622.0,0.954047330605911,1
13632.0,0.958492380262433,1
13642.0,0.9543767046562099,1
13652.0,0.9484297536432853,1
13662.0,0.946546745300987,1
13672.0,0.9517277914183605,1
13682.0,0.9634135633516843,1
13692.0,0.9785479366203937,1
13702.0,0.9936560784215912,1
13712.0,1.0066796009721,1
13722.0,1.0176449378115044,1
13732.0,1.0279897579628046,1
13742.0,1.039083360507047,1
13752.0,1.0592676965990646,1
13762.0,1.087427272569554,1
13772.0,1.1108973699958606,1
13782.0,1.1269647745978757,1
13792.0,1.135657190925382,1
13802.0,1.139393052176639,1
13812.0,1.141676425929627,1
13822.0,1.1471601164321976,1
13832.0,1.1537068178178287,1
13842.0,1.1579643651042244,1
13852.0,1.1568796656734168,1
13862.0,1.1479817316284624,1
13872.0,1.1262846416027557,1
13882.0,1.0956214577487162,1
13892.0,1.068025306856157,1
13902.0,1.042595110122635,1
13912.0,1.033382090424364,1
13922.0,1.0520821431929952,1
13932.0,1.0872269757962896,1
13942.0,1.1313590726221647,1
13952.0,1.1756295981610614,1
13962.0,1.2134984262552817,1
13972.0,1.2441175611682245,1
13982.0,1.2633969708461485,1
13992.0,1.2720084748709042,1
14002.0,1.2729500691091116,1
14012.0,1.266463709574417,1
14022.0,1.2527655180068475,1
14032.0,1.2323137635030161,1
14042.0,1.2059384303984568,1
14052.0,1.1758235663471663,1
14062.0,1.1445867971471992,1
14072.0,1.1125247078111122,1
14082.0,1.0921002992163187,1
14092.0,1.0730610911505647,1
14102.0,1.057928164987992,1
14112.0,1.044548577188678,1
14122.0,1.0333185826269227,1
14132.0,1.0248371941574699,1
14142.0,1.0194970136563264,1
14152.0,1.0172739302794742,1
14162.0,1.0175790762033237,1
14172.0,1.0191379564219107,1
14182.0,1.0198607961872466,1
14192.0,1.0167512078710492,1
14202.0,1.0059941782532353,1
14212.0,0.9833642024333357,1
14222.0,0.9449721107481737,1
14232.0,0.8882105411538068,1
14242.0,0.8126726174130902,1
14252.0,0.7208383858717313,1
14262.0,0.618968622850914,1
14272.0,0.5162954790482194,1
14282.0,0.4236338138031925,0
14292.0,0.3471549192939197,0
14302.0,0.29751272949820684,0
14312.0,0.2773975457970756,0
14322.0,0.27363583413367265,0
14332.0,0.27293735764668037,0
14342.0,0.266180341733874,0
14352.0,0.25022392301257024,0
14362.0,0.22655359928118451,0
14372.0,0.19946789878053459,0
14382.0,0.17434168808281458,0
14392.0,0.15571472800731728,0
14402.0,0.14541723059735068,0
14412.0,0.14195486107356628,0
14422.0,0.141939392801001,0
14432.0,0.14220513160921938,0
14442.0,0.14478419201211068,0
14452.0,0.1461566667237769,0
14462.0,0.145508309011449,0
14472.0,0.14343997007037435,0
14482.0,0.14053600590404497,0
14492.0,0.13718598425784684,0
14502.0,0.13351419851269958,0
14512.0,0.1296098147254063,0
14522.0,0.12638967422472402,0
14532.0,0.12380186686559044,0
14542.0,0.1208622044243419,0
14552.0,0.1173626778724863,0
14562.0,0.11317547041793478,0
14572.0,0.10828321928072554,0
14582.0,0.10281250590517833,0
14592.0,0.0970430613404669,0
14602.0,0.09137359584945931,0
14612.0,0.08624977019071135,0
14622.0,0.08207133864633151,0
14632.0,0.07909288632536698,0
14642.0,0.07733100196145101,0
14652.0,0.07650069497377182,0
14662.0,0.07601387007508477,0
14672.0,0.07505883220757711,0
14682.0,0.07274549290584742,0
14692.0,0.06995561469878327,0
14702.0,0.06498312109286963,0
14712.0,0.056694842650646296,0
14722.0,0.04655080460357415,0
14732.0,0.03967188308896506,0
14742.0,0.03247515868819175,0
14752.0,0.027392989340774672,0
14762.0,0.023670558884842412,0
14772.0,0.02077255930348034,0
14782.0,0.018545710589111863,0
14792.0,0.016963031639298784,0
14802.0,0.015903534900790793,0
14812.0,0.015212344239902335,0
14822.0,0.014737790332291556,0
14832.0,0.015768480459873266,0
14842.0,0.016578069081279442,0
14852.0,0.017755528541402728,0
14862.0,0.018706151769875654,0
14872.0,0.01923931058471326,0
14882.0,0.01934502962155465,0
14892.0,0.019018192248211614,0
14902.0,0.018251542405773695,0
14912.0,0.017634497235160366,0
14922.0,0.016817273891421104,0
14932.0,0.015525427015468038,0
14942.0,0.014266349057254888,0
14952.0,0.013074769186865521,0
14962.0,0.011957246438861592,0
14972.0,0.010846124249507361,0
14982.0,0.012020667271980645,0
14992.0,0.014345882337326612,0
15002.0,0.016207860710986434,0
15012.0,0.017409060296824555,0
15022.0,0.017935514285010883,0
15032.0,0.01791374696959088,0
15042.0,0.017541064479807904,0
15052.0,0.017012717725462433,0
15062.0,0.01646473156848734,0
15072.0,0.015945068923413793,0
15082.0,0.015417359832684913,0
15092.0,0.014792367242757242,0
15102.0,0.014230726701291552,0
15112.0,0.013803972112351934,0
15122.0,0.013143777573547623,0
15132.0,0.012324208582418186,0
15142.0,0.011479432147716427,0
15152.0,0.010753411446168568,0
15162.0,0.010245860285256123,0
15172.0,0.009978973893579365,0
15182.0,0.009897687555374193,0
15192.0,0.009899440522447199,0
15202.0,0.009878504200518758,0
15212.0,0.009766063938074731,0
15222.0,0.009547779148578453,0
15232.0,0.011415181821238629,0
15242.0,0.013562683001268243,0
15252.0,0.015230860757676998,0
15262.0,0.01625061720707597,0
15272.0,0.016616366557476156,0
15282.0,0.016506114278396534,0
15292.0,0.01622993466546482,0
15302.0,0.016340141889132347,0
15312.0,0.017132002376273707,0
15322.0,0.019288839494158785,0
15332.0,0.021666374075553753,0
15342.0,0.024326306598871594,0
15352.0,0.027209162273471053,0
15362.0,0.030190433473837527,0
15372.0,0.03317631922965051,0
15382.0,0.03602964923112872,0
15392.0,0.038389718631849395,0
15402.0,0.04001511454635249,0
15412.0,0.04090400451512821,0
15422.0,0.041189143414777994,0
15432.0,0.04112919290090139,0
15442.0,0.042129445389990625,0
15452.0,0.046084690136429726,0
15462.0,0.05100203804878045,0
15472.0,0.05656095515505601,0
15482.0,0.06227075509341086,0
15492.0,0.06758556152547071,0
15502.0,0.07248926298059959,0
15512.0,0.0763743439638773,0
15522.0,0.07892588279816168,0
15532.0,0.08034236648952248,0
15542.0,0.08135099363364579,0
15552.0,0.08130020846081269,0
15562.0,0.08048420242248605,0
15572.0,0.07928376217687294,0
15582.0,0.07809977659943254,0
15592.0,0.07727905518301828,0
15602.0,0.07704688969420603,0
15612.0,0.07746233604422295,0
15622.0,0.0784075090995745,0
15632.0,0.07961408483604945,0
15642.0,0.0807268402237154,0
15652.0,0.08139966961133305,0
15662.0,0.08179297058838378,0
15672.0,0.08176377741796123,0
15682.0,0.08085567810578607,0
15692.0,0.07964610747237456,0
15702.0,0.07902560721950025,0
15712.0,0.08051922706042654,0
15722.0,0.08526145710973759,0
15732.0,0.09146080996359596,0
15742.0,0.09771483756878435,0
15752.0,0.10318330692840798,0
15762.0,0.10717920633610378,0
15772.0,0.1093288503473969,0
15782.0,0.10961289377282887,0
15792.0,0.10835978998751354,0
15802.0,0.10626149990671747,0
15812.0,0.10434117271838994,0
15822.0,0.10372863505088584,0
15832.0,0.10524557059962839,0
15842.0,0.10992181096213649,0
15852.0,0.11666899657622001,0
15862.0,0.12430276219699633,0
15872.0,0.13154675280600808,0
15882.0,0.13735173909873222,0
15892.0,0.141095028676035,0
15902.0,0.14265052505642584,0
15912.0,0.14234568304216177,0
15922.0,0.14081747603899814,0
15932.0,0.13879486026499394,0
15942.0,0.13687565572892327,0
15952.0,0.13539368942018548,0
15962.0,0.13442897144317628,0
15972.0,0.13391207496388835,0
15982.0,0.13371383316445629,0
15992.0,0.13365383802849007,0
16002.0,0.13345635510558565,0
16012.0,0.1327343815878399,0
16022.0,0.13105150308156022,0
16032.0,0.12804953699665594,0
16042.0,0.123603603152617,0
16052.0,0.11797279258218649,0
16062.0,0.11242845288103023,0
16072.0,0.10840548581981503,0
16082.0,0.10598675408397912,0
16092.0,0.10561990129318313,0
16102.0,0.10698990546824363,0
16112.0,0.10902044525231389,0
16122.0,0.11024825624751274,0
16132.0,0.10931441905581485,0
16142.0,0.10534693473354134,0
16152.0,0.09817743648351412,0
16162.0,0.08840584590316063,0
16172.0,0.07730907187371168,0
16182.0,0.06656926446505915,0
16192.0,0.059821698525246304,0
16202.0,0.055432085336984044,0
16212.0,0.05297894993588789,0
16222.0,0.0521055053848048,0
16232.0,0.05313349106811287,0
16242.0,0.05673332841952973,0
16252.0,0.06158040764999828,0
16262.0,0.06731435703168358,0
16272.0,0.07342002262366398,0
16282.0,0.07931584400761907,0
16292.0,0.08450718021818726,0
16302.0,0.08979650036244705,0
16312.0,0.09525382482545955,0
16322.0,0.09898373722896447,0
16332.0,0.10114437461869055,0
16342.0,0.10283805258705839,0
16352.0,0.10398645877094669,0
16362.0,0.10484967459776512,0
16372.0,0.10553804956794108,0
16382.0,0.1057947604518156,0
16392.0,0.10521815470750617,0
16402.0,0.1035533166271186,0
16412.0,0.1008894869730677,0
16422.0,0.09766713988192667,0
16432.0,0.09451132713743685,0
16442.0,0.09199656908107819,0
16452.0,0.09046921754745177,0
16462.0,0.09000625030388512,0
16472.0,0.0905070403072693,0
16482.0,0.09183781319017287,0
16492.0,0.09392179669693587,0
16502.0,0.09671205062478672,0
16512.0,0.10006485416691319,0
16522.0,0.10359081537107884,0
16532.0,0.10658270836751546,0
16542.0,0.10810496147192977,0
16552.0,0.10724216223688839,0
16562.0,0.10339253032962978,0
16572.0,0.09687938267582077,0
16582.0,0.08965818410398418,0
16592.0,0.08079312075753192,0
16602.0,0.07148218949490451,0
16612.0,0.06300382262868309,0
16622.0,0.05641541978837467,0
16632.0,0.05229629265993625,0
16642.0,0.05063671225170146,0
16652.0,0.0509336384800811,0
16662.0,0.052451751677341625,0
16672.0,0.05449209846198394,0
16682.0,0.056534493316293635,0
16692.0,0.058257836468183805,0
16702.0,0.05951083084125577,0
16712.0,0.060277802261174906,0
16722.0,0.06064258776746294,0
16732.0,0.06074018732013422,0
16742.0,0.0606962040841449,0
16752.0,0.06103261609850001,0
16762.0,0.06200033778835685,0
16772.0,0.06271189155165513,0
16782.0,0.0629029380883397,0
16792.0,0.06234485846752321,0
16802.0,0.06090134090118249,0
16812.0,0.0585659672474367,0
16822.0,0.055477043720667044,0
16832.0,0.05190492305779823,0
16842.0,0.048213310575546106,0
16852.0,0.04480526536570553,0
16862.0,0.042057184448391224,0
16872.0,0.04022434318289995,0
16882.0,0.039814487847435825,0
16892.0,0.04086949677590269,0
16902.0,0.04119895612768208,0
16912.0,0.04032307137143021,0
16922.0,0.038039647973147905,0
16932.0,0.03570575065509099,0
16942.0,0.035346333879037406,0
16952.0,0.03447701833432368,0
16962.0,0.03345293215761974,0
16972.0,0.032705036232110525,0
16982.0,0.03254743765562133,0
16992.0,0.03302341361735636,0
17002.0,0.034234874683515965,0
17012.0,0.03704911489734776,0
17022.0,0.04081506616820136,0
17032.0,0.044879211399214546,0
17042.0,0.049235214598583585,0
17052.0,0.054151936828247094,0
17062.0,0.059812782024748,0
17072.0,0.06615402403242546,0
17082.0,0.0728098630422203,0
17092.0,0.0791941843650132,0
17102.0,0.08467335347869853,0
17112.0,0.08875639337737659,0
17122.0,0.09124019035920303,0
17132.0,0.09299164268495475,0
17142.0,0.09487611485707745,0
17152.0,0.09645952142856981,0
17162.0,0.09812406298005316,0
17172.0,0.10010211711710806,0
17182.0,0.10239859658065532,0
17192.0,0.104800418880931,0
17202.0,0.10696357110252855,0
17212.0,0.10853596449019583,0
17222.0,0.10926579932526814,0
17232.0,0.10906045607895896,0
17242.0,0.10798818065944162,0
17252.0,0.10680018685558101,0
17262.0,0.10678288748581996,0
17272.0,0.1063365804725269,0
17282.0,0.10547055976653194,0
17292.0,0.10417576561580699,0
17302.0,0.10241414171057028,0
17312.0,0.10011943466604886,0
17322.0,0.09721403098832632,0
17332.0,0.09459619572086328,0
17342.0,0.09321981474404287,0
17352.0,0.0909194757811427,0
17362.0,0.08772309686111714,0
17372.0,0.08394578608050524,0
17382.0,0.080144992544203,0
17392.0,0.07702730065424106,0
17402.0,0.07530539312446441,0
17412.0,0.07551026293012088,0
17422.0,0.07780253380522253,0
17432.0,0.08188566884484758,0
17442.0,0.08725825201915806,0
17452.0,0.0928220121043847,0
17462.0,0.09942618303756721,0
17472.0,0.105095139898845,0
17482.0,0.10929731795141359,0
17492.0,0.11197413289954972,0
17502.0,0.11331517571889232,0
17512.0,0.113668585008356,0
17522.0,0.11343846020194923,0
17532.0,0.11299616460443491,0
17542.0,0.11261911179902298,0
17552.0,0.11245614037582867,0
17562.0,0.11251436244761946,0
17572.0,0.11267132037811572,0
17582.0,0.11272540026459474,0
17592.0,0.11248594707071137,0
17602.0,0.1118728530447024,0
17612.0,0.11097284709041799,0
17622.0,0.11051140467127296,0
17632.0,0.1104668022194404,0
17642.0,0.11085889354766919,0
17652.0,0.1118872182057151,0
17662.0,0.1131960035481061,0
17672.0,0.1135549019635031,0
17682.0,0.11238102452291346,0
17692.0,0.10924265771093411,0
17702.0,0.10460825183944393,0
17712.0,0.09841268583726517,0
17722.0,0.090578537161565,0
17732.0,0.08138963561022702,0
17742.0,0.071129793874989,0
17752.0,0.060044375379376846,0
17762.0,0.048452031225025,0
17772.0,0.03788960613748461,0
17782.0,0.027505355583523322,0
17792.0,0.021541900258584486,0
17802.0,0.017494960181614602,0
17812.0,0.015579103108363261,0
17822.0,0.014335107210533205,0
17832.0,0.013584212783472374,0
17842.0,0.013269856075219005,0
17852.0,0.013280523656366259,0
17862.0,0.013477311622419946,0
17872.0,0.013739361249099368,0
17882.0,0.013995073042168706,0
17892.0,0.014224129392060993,0
17902.0,0.01442874546937413,0
17912.0,0.017413332423577062,0
17922.0,0.01995340087949595,0
17932.0,0.02057708570351237,0
17942.0,0.019177038701260436,0
17952.0,0.016035570481585062,0
17962.0,0.011805873942854334,0
17972.0,0.007837357066677764,0
17982.0,0.005898418360098981,0
17992.0,0.00525493563427925,0
18002.0,0.007441879106287726,0
18012.0,0.011325476144917279,0
18022.0,0.016235098355588812,0
18032.0,0.021583669423761536,0
18042.0,0.026786074083582155,0
18052.0,0.03139596516192086,0
18062.0,0.03513487615154895,0
18072.0,0.03788267396536367,0
18082.0,0.039656219733420255,0
18092.0,0.04057973770123678,0
18102.0,0.040849339898697754,0
18112.0,0.04127848740502524,0
18122.0,0.04164974247787376,0
18132.0,0.04202603321713361,0
18142.0,0.04250713982730564,0
18152.0,0.04315367015268867,0
18162.0,0.04397351834396855,0
18172.0,0.04491454851691225,0
18182.0,0.04587216389235942,0
18192.0,0.04671248010909433,0
18202.0,0.04730333513682171,0
18212.0,0.047543738861880555,0
18222.0,0.04752612972164508,0
18232.0,0.04703060570931128,0
18242.0,0.046038755198547214,0
18252.0,0.04502329749835027,0
18262.0,0.043963615576085184,0
18272.0,0.04288863135912424,0
18282.0,0.04174403727233153,0
18292.0,0.040389765853073925,0
18302.0,0.03865571500923866,0
18312.0,0.03641381661276084,0
18322.0,0.03460089535172383,0
18332.0,0.031814592969588044,0
18342.0,0.0279359532674083,0
18352.0,0.023872657564202638,0
18362.0,0.02028577265184548,0
18372.0,0.01725576819006397,0
18382.0,0.014989687603096654,0
18392.0,0.013354291575659765,0
18402.0,0.012288172399890987,0
18412.0,0.015122202561870472,0
18422.0,0.018493267080273185,0
18432.0,0.02565096313482198,0
18442.0,0.03230320736424063,0
18452.0,0.03621908979045841,0
18462.0,0.037418283754556914,0
18472.0,0.03651599583420876,0
18482.0,0.03472194866251001,0
18492.0,0.03421387615395802,0
18502.0,0.03661326568213047,0
18512.0,0.04198230234138314,0
18522.0,0.049849739628948446,0
18532.0,0.05891366972902754,0
18542.0,0.06761724758384231,0
18552.0,0.07482159807435255,0
18562.0,0.07943331030786135,0
18572.0,0.08136147194089503,0
18582.0,0.08107270699010298,0
18592.0,0.07939818422924262,0
18602.0,0.07728259221154479,0
18612.0,0.07668933862997575,0
18622.0,0.07755940811984141,0
18632.0,0.079102158778517,0
18642.0,0.08103393820823865,0
18652.0,0.08294863334695006,0
18662.0,0.08442119190378014,0
18672.0,0.08505536212397437,0
18682.0,0.08450434541993826,0
18692.0,0.08251602587364867,0
18702.0,0.07907945395130522,0
18712.0,0.07499369220688878,0
18722.0,0.07009503149488942,0
18732.0,0.06570695453536424,0
18742.0,0.06211999240145816,0
18752.0,0.0600562565388066,0
18762.0,0.05973726736913548,0
18772.0,0.06086092167140224,0
18782.0,0.06247190311186351,0
18792.0,0.06324412385459294,0
18802.0,0.0619040261592377,0
18812.0,0.057604404080096185,0
18822.0,0.050152449718956715,0
18832.0,0.04009053915486348,0
18842.0,0.028656195355501263,0
18852.0,0.020033315098965443,0
18862.0,0.02002414870613188,0
18872.0,0.020709626421242175,0
18882.0,0.021772190022386805,0
18890.0,0.02274434569872051,0
